label,start,stop
female,0.0,0.4522
male,0.4522,39.195499999999996
female,39.195499999999996,51.971
male,51.971,60.011
