label,start,stop
male,0.0,9.745000000000001
female,9.745000000000001,11.2201
male,11.2201,60.011
