label,start,stop
female,0.0,3.745
male,3.745,9.745000000000001
female,9.745000000000001,30.744999999999997
male,30.744999999999997,35.245000000000005
female,35.245000000000005,38.245000000000005
male,38.245000000000005,41.245000000000005
female,41.245000000000005,60.011
