label,start,stop
male,0.0,30.744999999999997
female,30.744999999999997,35.245000000000005
male,35.245000000000005,36.745000000000005
female,36.745000000000005,38.245000000000005
male,38.245000000000005,60.011
