label,start,stop
female,0.0,2.245
male,2.245,26.244999999999997
female,26.244999999999997,29.244999999999997
male,29.244999999999997,54.4208
female,54.4208,55.9208
male,55.9208,60.032
