label,start,stop
female,0.0,2.245
male,2.245,20.244999999999997
female,20.244999999999997,24.744999999999997
male,24.744999999999997,32.245000000000005
female,32.245000000000005,33.745000000000005
male,33.745000000000005,38.245000000000005
female,38.245000000000005,39.745000000000005
male,39.745000000000005,48.745000000000005
female,48.745000000000005,49.7014
male,49.7014,56.4464
female,56.4464,60.032
