label,start,stop
male,0.0,9.745000000000001
female,9.745000000000001,12.745000000000001
male,12.745000000000001,14.245000000000001
female,14.245000000000001,18.744999999999997
male,18.744999999999997,32.132400000000004
female,32.132400000000004,35.132400000000004
male,35.132400000000004,60.011
