label,start,stop
male,0.0,2.245
female,2.245,3.745
male,3.745,7.3805
female,7.3805,14.2655
male,14.2655,17.0563
female,17.0563,19.3089
male,19.3089,23.6263
female,23.6263,25.871299999999998
male,25.871299999999998,46.246700000000004
female,46.246700000000004,50.746700000000004
male,50.746700000000004,53.746700000000004
female,53.746700000000004,58.246700000000004
male,58.246700000000004,60.032
