label,start,stop
male,0.0,3.9258999999999995
female,3.9258999999999995,6.9259
male,6.9259,13.3098
female,13.3098,14.8098
male,14.8098,46.3662
female,46.3662,50.8662
male,50.8662,60.032
