label,start,stop
male,0.0,6.745
female,6.745,8.245000000000001
male,8.245000000000001,26.5956
female,26.5956,31.1689
male,31.1689,50.8866
female,50.8866,52.3866
male,52.3866,60.032
