label,start,stop
female,0.0,3.745
male,3.745,27.198900000000002
female,27.198900000000002,31.698900000000002
male,31.698900000000002,34.698899999999995
female,34.698899999999995,39.8891
male,39.8891,42.134100000000004
female,42.134100000000004,43.634100000000004
male,43.634100000000004,45.9642
female,45.9642,49.709199999999996
male,49.709199999999996,51.9198
female,51.9198,54.1648
male,54.1648,58.1997
female,58.1997,60.032
