label,start,stop
male,0.0,2.245
female,2.245,9.745000000000001
male,9.745000000000001,15.9471
female,15.9471,19.6672
male,19.6672,21.0324
female,21.0324,38.2774
male,38.2774,44.7355
female,44.7355,46.9805
male,46.9805,48.4805
female,48.4805,49.9805
male,49.9805,54.4625
female,54.4625,58.207499999999996
male,58.207499999999996,60.032
