label,start,stop
female,0.0,36.745000000000005
male,36.745000000000005,60.032
