label,start,stop
male,0.0,5.2382
female,5.2382,8.238199999999999
male,8.238199999999999,10.5546
female,10.5546,14.299600000000002
male,14.299600000000002,60.011
