label,start,stop
male,0.0,8.245000000000001
female,8.245000000000001,12.745000000000001
male,12.745000000000001,17.244999999999997
female,17.244999999999997,18.744999999999997
male,18.744999999999997,40.0266
female,40.0266,44.8815
male,44.8815,46.3815
female,46.3815,49.3815
male,49.3815,50.4522
female,50.4522,52.227
male,52.227,60.032
