label,start,stop
male,0.0,41.343999999999994
female,41.343999999999994,42.1246
male,42.1246,48.786
female,48.786,51.5444
male,51.5444,61.525
