label,start,stop
male,0.0,8.245000000000001
female,8.245000000000001,11.245000000000001
male,11.245000000000001,24.744999999999997
female,24.744999999999997,44.245000000000005
male,44.245000000000005,47.245000000000005
female,47.245000000000005,61.056
