label,start,stop
female,0.0,18.744999999999997
male,18.744999999999997,21.744999999999997
female,21.744999999999997,48.4386
male,48.4386,60.736
