label,start,stop
female,0.0,1.4249
male,1.4249,2.0392
female,2.0392,4.4283
male,4.4283,17.930999999999997
female,17.930999999999997,27.5341
male,27.5341,61.568
