label,start,stop
male,0.0,8.245000000000001
female,8.245000000000001,9.745000000000001
male,9.745000000000001,50.9983
female,50.9983,52.4659
male,52.4659,52.9949
female,52.9949,55.239900000000006
male,55.239900000000006,61.504
