label,start,stop
male,0.0,1.8686
female,1.8686,7.0488
male,7.0488,11.1348
female,11.1348,16.1085
male,16.1085,16.9539
female,16.9539,19.198900000000002
male,19.198900000000002,23.698900000000002
female,23.698900000000002,24.9744
male,24.9744,31.5863
female,31.5863,33.086299999999994
male,33.086299999999994,37.117000000000004
female,37.117000000000004,38.617000000000004
male,38.617000000000004,41.9369
female,41.9369,44.1819
male,44.1819,50.4771
female,50.4771,54.9771
male,54.9771,60.651
