label,start,stop
female,0.0,57.745000000000005
male,57.745000000000005,60.779
