label,start,stop
female,0.0,1.5102
male,1.5102,1.8003
female,1.8003,18.5751
male,18.5751,27.809800000000003
female,27.809800000000003,31.0495
male,31.0495,60.267
