label,start,stop
male,0.0,25.9471
female,25.9471,56.692099999999996
male,56.692099999999996,60.693
