label,start,stop
male,0.0,2.4317
female,2.4317,4.6843
male,4.6843,9.929300000000001
female,9.929300000000001,11.429300000000001
male,11.429300000000001,60.288
