label,start,stop
female,0.0,2.245
male,2.245,12.115300000000001
female,12.115300000000001,13.541
male,13.541,13.9846
female,13.9846,19.229599999999998
male,19.229599999999998,20.729599999999998
female,20.729599999999998,23.729599999999998
male,23.729599999999998,44.729600000000005
female,44.729600000000005,49.229600000000005
male,49.229600000000005,61.888
