label,start,stop
male,0.0,12.2952
female,12.2952,18.5751
male,18.5751,22.8242
female,22.8242,26.569200000000002
male,26.569200000000002,28.069200000000002
female,28.069200000000002,45.93
male,45.93,60.949
