label,start,stop
male,0.0,2.245
female,2.245,11.245000000000001
male,11.245000000000001,14.245000000000001
female,14.245000000000001,16.9539
male,16.9539,39.9915
female,39.9915,45.2365
male,45.2365,49.7365
female,49.7365,52.7365
male,52.7365,54.2365
female,54.2365,56.2031
male,56.2031,59.2331
female,59.2331,62.08
