label,start,stop
male,0.0,22.744999999999997
female,22.744999999999997,24.244999999999997
male,24.244999999999997,34.745000000000005
female,34.745000000000005,36.245000000000005
male,36.245000000000005,37.745000000000005
female,37.745000000000005,39.245000000000005
male,39.245000000000005,61.525
