label,start,stop
female,0.0,5.4863
male,5.4863,48.617000000000004
female,48.617000000000004,50.117000000000004
male,50.117000000000004,55.3157
female,55.3157,61.504
