label,start,stop
female,0.0,1.971
male,1.971,11.910499999999999
female,11.910499999999999,15.7594
male,15.7594,18.1068
female,18.1068,21.1068
male,21.1068,32.9003
female,32.9003,34.4003
male,34.4003,38.9003
female,38.9003,40.657
male,40.657,43.431
female,43.431,44.931
male,44.931,57.0146
female,57.0146,60.0146
male,60.0146,60.864
