label,start,stop
female,0.0,14.4113
male,14.4113,28.1572
male,28.1655,28.3703
female,28.3703,41.3737
male,41.3737,46.618700000000004
female,46.618700000000004,58.618700000000004
male,58.618700000000004,61.845
