label,start,stop
female,0.0,6.745
male,6.745,28.3559
female,28.3559,32.855900000000005
male,32.855900000000005,35.855900000000005
female,35.855900000000005,40.355900000000005
male,40.355900000000005,43.355900000000005
female,43.355900000000005,49.355900000000005
male,49.355900000000005,52.7048
female,52.7048,57.8925
male,57.8925,60.971
