label,start,stop
male,0.0,13.869599999999998
female,13.869599999999998,14.9915
male,14.9915,60.352
