label,start,stop
male,0.0,4.3259
female,4.3259,7.8925
male,7.8925,10.6229
female,10.6229,12.8584
male,12.8584,15.2133
female,15.2133,17.6536
male,17.6536,29.8559
female,29.8559,37.355900000000005
male,37.355900000000005,39.2235
female,39.2235,44.1041
male,44.1041,54.3013
female,54.3013,57.9266
male,57.9266,61.291
