label,start,stop
male,0.0,26.244999999999997
female,26.244999999999997,41.7833
male,41.7833,42.1416
female,42.1416,61.995
