label,start,stop
female,0.0,24.8379
male,24.8379,48.3191
female,48.3191,52.064099999999996
male,52.064099999999996,61.013
