label,start,stop
male,0.0,7.9949
female,7.9949,11.739899999999999
male,11.739899999999999,17.2611
female,17.2611,28.3362
male,28.3362,28.4727
female,28.4727,32.2177
male,32.2177,41.8345
female,41.8345,51.579499999999996
male,51.579499999999996,53.079499999999996
female,53.079499999999996,56.079499999999996
male,56.079499999999996,61.312
