label,start,stop
male,0.0,22.744999999999997
female,22.744999999999997,24.244999999999997
male,24.244999999999997,29.599
female,29.599,39.2235
male,39.2235,40.3328
female,40.3328,59.5137
male,59.5137,60.864
