label,start,stop
female,0.0,2.245
male,2.245,11.245000000000001
female,11.245000000000001,14.245000000000001
male,14.245000000000001,21.744999999999997
female,21.744999999999997,24.744999999999997
male,24.744999999999997,27.744999999999997
female,27.744999999999997,38.245000000000005
male,38.245000000000005,41.245000000000005
female,41.245000000000005,44.245000000000005
male,44.245000000000005,47.9437
female,47.9437,60.267
