label,start,stop
male,0.0,17.244999999999997
female,17.244999999999997,18.744999999999997
male,18.744999999999997,41.1853
female,41.1853,44.1853
male,44.1853,57.6853
female,57.6853,60.629
