label,start,stop
male,0.0,15.645999999999999
female,15.645999999999999,18.646
male,18.646,26.146
female,26.146,32.244
male,32.244,34.616
female,34.616,42.9608
male,42.9608,53.8481
female,53.8481,60.501
