label,start,stop
male,0.0,18.744999999999997
female,18.744999999999997,26.244999999999997
male,26.244999999999997,32.245000000000005
female,32.245000000000005,43.302
male,43.302,47.6195
female,47.6195,53.029
male,53.029,53.2679
female,53.2679,61.227
