label,start,stop
male,0.0,6.2884
female,6.2884,9.9915
male,9.9915,11.1348
female,11.1348,13.4386
male,13.4386,39.8208
female,39.8208,43.565799999999996
male,43.565799999999996,47.1587
female,47.1587,49.1724
male,49.1724,55.2569
female,55.2569,57.8754
male,57.8754,61.333
