label,start,stop
female,0.0,20.244999999999997
male,20.244999999999997,36.698
female,36.698,51.2201
male,51.2201,51.3225
female,51.3225,53.7969
male,53.7969,54.6672
female,54.6672,61.227
