label,start,stop
male,0.0,0.5546
female,0.5546,2.4488
male,2.4488,3.1655
female,3.1655,9.7184
male,9.7184,11.9634
female,11.9634,15.0085
male,15.0085,18.872999999999998
female,18.872999999999998,20.5205
male,20.5205,43.0119
female,43.0119,47.1758
male,47.1758,60.373
