label,start,stop
male,0.0,5.245
female,5.245,9.745000000000001
male,9.745000000000001,20.5887
female,20.5887,23.0461
male,23.0461,42.8242
female,42.8242,54.2918
male,54.2918,60.629
