label,start,stop
male,0.0,14.245000000000001
female,14.245000000000001,17.5512
male,17.5512,61.376
