label,start,stop
male,0.0,4.7014
female,4.7014,17.7901
male,17.7901,24.8379
female,24.8379,25.9642
male,25.9642,43.9334
female,43.9334,49.178399999999996
male,49.178399999999996,61.973
