label,start,stop
male,0.0,2.773
female,2.773,8.0709
male,8.0709,11.0709
female,11.0709,14.0709
male,14.0709,37.321799999999996
female,37.321799999999996,38.821799999999996
male,38.821799999999996,60.864
