label,start,stop
male,0.0,2.756
female,2.756,4.8379
male,4.8379,6.971
female,6.971,7.9096
male,7.9096,10.6229
female,10.6229,11.698
male,11.698,15.4522
female,15.4522,20.697200000000002
male,20.697200000000002,25.0768
female,25.0768,26.2031
male,26.2031,46.5129
female,46.5129,48.0129
male,48.0129,50.2579
male,50.2645,61.781
