label,start,stop
female,0.0,8.245000000000001
male,8.245000000000001,50.7935
female,50.7935,52.3635
male,52.3635,61.269
