label,start,stop
male,0.0,6.2543
female,6.2543,12.999300000000002
male,12.999300000000002,24.2406
female,24.2406,40.7594
male,40.7594,41.8857
female,41.8857,49.616
male,49.616,52.1587
female,52.1587,55.9471
male,55.9471,56.9027
female,56.9027,58.4898
male,58.4898,59.1041
female,59.1041,60.224
