label,start,stop
male,0.0,23.838900000000002
female,23.838900000000002,25.338900000000002
male,25.338900000000002,45.657
female,45.657,52.402
male,52.402,53.902
female,53.902,55.402
male,55.402,61.611
