label,start,stop
female,0.0,0.5034
male,0.5034,6.2126
female,6.2126,9.212599999999998
male,9.212599999999998,12.212599999999998
female,12.212599999999998,15.212599999999998
male,15.212599999999998,17.5
female,17.5,20.0085
male,20.0085,37.3464
female,37.3464,38.9164
male,38.9164,42.6614
female,42.6614,47.9949
male,47.9949,49.8208
female,49.8208,57.2952
male,57.2952,58.029
female,58.029,59.6502
male,59.6502,60.501
