label,start,stop
male,0.0,1.48
female,1.48,5.225
male,5.225,6.725
female,6.725,7.89
male,7.89,47.745000000000005
female,47.745000000000005,50.745000000000005
male,50.745000000000005,60.01
