label,start,stop
male,0.0,0.06
female,0.06,2.3049999999999997
male,2.3049999999999997,19.395
female,19.395,23.895
male,23.895,29.895
female,29.895,31.395
male,31.395,38.295
female,38.295,39.795
male,39.795,60.01
