label,start,stop
male,0.0,4.57
female,4.57,6.8149999999999995
male,6.8149999999999995,60.01
