label,start,stop
male,0.0,2.465
female,2.465,5.07
male,5.07,7.325
female,7.325,10.325
male,10.325,14.825
female,14.825,26.32
male,26.32,26.5
female,26.5,37.745000000000005
male,37.745000000000005,48.375
female,48.375,49.875
male,49.875,54.33
female,54.33,58.78
male,58.78,60.01
