label,start,stop
male,0.0,4.68
female,4.68,7.01
male,7.01,9.305
female,9.305,10.21
male,10.21,32.725
female,32.725,34.224999999999994
male,34.224999999999994,38.82
female,38.82,39.99
male,39.99,45.61
female,45.61,47.855000000000004
male,47.855000000000004,60.01
