label,start,stop
male,0.0,6.8149999999999995
female,6.8149999999999995,25.67
male,25.67,26.45
female,26.45,28.695
male,28.695,34.695
female,34.695,38.46
male,38.46,40.864999999999995
female,40.864999999999995,44.89
male,44.89,45.23
female,45.23,51.3
male,51.3,55.84
female,55.84,57.64
male,57.64,59.99
