label,start,stop
male,0.0,29.865000000000002
female,29.865000000000002,31.365000000000002
male,31.365000000000002,45.31
female,45.31,45.42
male,45.42,60.01
