label,start,stop
male,0.0,9.745000000000001
female,9.745000000000001,12.745000000000001
male,12.745000000000001,14.245000000000001
female,14.245000000000001,18.744999999999997
male,18.744999999999997,28.39
female,28.39,28.43
male,28.43,32.175
female,32.175,33.675
male,33.675,46.345
female,46.345,48.24
male,48.24,59.99
