label,start,stop
male,0.0,0.02
female,0.02,2.2649999999999997
male,2.2649999999999997,44.965
female,44.965,47.965
male,47.965,59.99
