label,start,stop
female,0.0,0.34
male,0.34,1.02
female,1.02,3.2649999999999997
male,3.2649999999999997,6.11
female,6.11,11.32
male,11.32,12.24
female,12.24,12.3
male,12.3,12.39
female,12.39,13.93
male,13.93,16.384999999999998
female,16.384999999999998,19.14
male,19.14,22.915
female,22.915,25.915
male,25.915,47.195
female,47.195,50.195
male,50.195,51.695
female,51.695,57.695
male,57.695,60.01
