label,start,stop
male,0.0,12.524999999999999
female,12.524999999999999,14.024999999999999
male,14.024999999999999,34.085
female,34.085,35.585
male,35.585,59.99
