label,start,stop
male,0.0,16.14
female,16.14,18.83
male,18.83,18.87
female,18.87,22.81
male,22.81,23.09
female,23.09,25.86
male,25.86,26.04
female,26.04,27.87
male,27.87,28.26
female,28.26,43.03
male,43.03,43.12
female,43.12,48.364999999999995
male,48.364999999999995,49.85
female,49.85,59.75
male,59.75,60.01
