label,start,stop
male,0.0,29.525
female,29.525,31.025
male,31.025,34.025000000000006
female,34.025000000000006,35.525000000000006
male,35.525000000000006,37.025000000000006
female,37.025000000000006,38.525000000000006
male,38.525000000000006,51.555
female,51.555,53.055
male,53.055,59.99
