label,start,stop
male,0.0,34.015
female,34.015,36.86
male,36.86,45.254999999999995
female,45.254999999999995,46.754999999999995
male,46.754999999999995,59.99
