label,start,stop
female,0.0,2.19
male,2.19,2.28
female,2.28,4.5249999999999995
male,4.5249999999999995,9.024999999999999
female,9.024999999999999,17.74
male,17.74,17.85
female,17.85,24.37
male,24.37,24.62
female,24.62,29.09
male,29.09,31.355
female,31.355,37.13
male,37.13,41.3
female,41.3,44.24
male,44.24,44.43
female,44.43,49.18
male,49.18,49.34
female,49.34,55.75
male,55.75,55.96
female,55.96,59.98
male,59.98,59.99
