label,start,stop
male,0.0,55.245000000000005
female,55.245000000000005,56.05
male,56.05,56.17
female,56.17,59.98
male,59.98,59.99
