label,start,stop
male,0.0,0.44
female,0.44,13.56
male,13.56,13.63
female,13.63,18.875
male,18.875,23.375
female,23.375,27.23
male,27.23,27.4
female,27.4,33.66
male,33.66,33.86
female,33.86,45.105000000000004
male,45.105000000000004,46.13
female,46.13,57.9
male,57.9,57.99
female,57.99,59.98
male,59.98,59.99
