label,start,stop
male,0.0,9.39
female,9.39,11.635000000000002
male,11.635000000000002,24.075
female,24.075,28.57
male,28.57,28.67
female,28.67,32.06
male,32.06,32.24
female,32.24,34.62
male,34.62,35.31
female,35.31,43.0
male,43.0,46.11
female,46.11,48.49
male,48.49,48.52
female,48.52,49.86
male,49.86,50.07
female,50.07,54.78
male,54.78,54.79
female,54.79,58.38
male,58.38,58.48
female,58.48,61.03
male,61.03,61.04
