label,start,stop
male,0.0,30.005000000000003
female,30.005000000000003,31.23
male,31.23,34.825
female,34.825,36.67
male,36.67,58.2
female,58.2,60.47
male,60.47,60.48
