label,start,stop
male,0.0,1.46
female,1.46,4.63
male,4.63,5.67
female,5.67,9.64
male,9.64,12.17
female,12.17,15.19
male,15.19,18.005000000000003
female,18.005000000000003,19.04
male,19.04,24.86
female,24.86,27.105
male,27.105,36.345
female,36.345,39.345
male,39.345,60.63
