label,start,stop
male,0.0,0.01
female,0.01,4.75
male,4.75,4.85
female,4.85,6.19
male,6.19,27.65
female,27.65,34.61
male,34.61,34.65
female,34.65,39.894999999999996
male,39.894999999999996,44.394999999999996
female,44.394999999999996,50.394999999999996
male,50.394999999999996,52.5
female,52.5,55.41
male,55.41,55.48
female,55.48,57.81
male,57.81,60.95
