label,start,stop
female,0.0,5.55
male,5.55,48.89
female,48.89,51.135000000000005
male,51.135000000000005,57.26
female,57.26,58.76
male,58.76,58.84
female,58.84,61.47
male,61.47,61.48
