label,start,stop
male,0.0,0.95
female,0.95,3.08
male,3.08,11.38
female,11.38,13.42
male,13.42,15.26
female,15.26,19.005000000000003
male,19.005000000000003,20.505000000000003
female,20.505000000000003,24.52
male,24.52,44.55
female,44.55,49.795
male,49.795,61.87
