label,start,stop
male,0.0,28.53
female,28.53,32.12
male,32.12,33.26
female,33.26,36.78
male,36.78,39.245000000000005
female,39.245000000000005,40.55
male,40.55,43.455
female,43.455,47.955
male,47.955,50.955
female,50.955,57.75
male,57.75,61.57
