label,start,stop
male,0.0,23.725
female,23.725,25.17
male,25.17,47.48
female,47.48,49.724999999999994
male,49.724999999999994,61.23
