label,start,stop
male,0.0,0.01
female,0.01,1.72
male,1.72,11.07
female,11.07,16.314999999999998
male,16.314999999999998,19.0
female,19.0,21.28
male,21.28,33.215
female,33.215,34.715
male,34.715,39.87
female,39.87,40.8
male,40.8,43.165
female,43.165,44.665
male,44.665,58.315
female,58.315,59.815
male,59.815,60.84
