label,start,stop
male,0.0,12.82
female,12.82,15.71
male,15.71,15.97
female,15.97,24.95
male,24.95,25.01
female,25.01,26.86
male,26.86,28.71
female,28.71,29.63
male,29.63,30.28
female,30.28,32.3
male,32.3,35.43
female,35.43,38.54
male,38.54,46.974999999999994
female,46.974999999999994,48.474999999999994
male,48.474999999999994,55.364999999999995
female,55.364999999999995,56.97
male,56.97,61.91
