label,start,stop
female,0.0,2.86
male,2.86,11.344999999999999
female,11.344999999999999,13.12
male,13.12,21.494999999999997
female,21.494999999999997,24.494999999999997
male,24.494999999999997,27.494999999999997
female,27.494999999999997,33.07
male,33.07,33.45
female,33.45,36.25
male,36.25,36.47
female,36.47,37.4
male,37.4,40.35
female,40.35,42.13
male,42.13,47.66
female,47.66,52.8
male,52.8,52.97
female,52.97,60.24
male,60.24,60.25
