label,start,stop
male,0.0,7.9750000000000005
female,7.9750000000000005,9.8
male,9.8,34.364999999999995
female,34.364999999999995,37.364999999999995
male,37.364999999999995,40.64
female,40.64,42.8
male,42.8,61.16
