label,start,stop
female,0.0,0.77
male,0.77,7.39
female,7.39,9.74
male,9.74,10.46
female,10.46,11.57
male,11.57,17.03
female,17.03,18.5
male,18.5,18.93
female,18.93,22.22
male,22.22,22.31
female,22.31,25.55
male,25.55,26.64
female,26.64,27.96
male,27.96,28.3
female,28.3,33.545
male,33.545,42.6
female,42.6,45.78
male,45.78,45.9
female,45.9,48.144999999999996
male,48.144999999999996,49.47
female,49.47,51.43
male,51.43,51.47
female,51.47,57.29
male,57.29,61.29
