label,start,stop
male,0.0,15.92
female,15.92,17.87
male,17.87,42.385000000000005
female,42.385000000000005,45.385000000000005
male,45.385000000000005,57.6
female,57.6,59.09
male,59.09,60.61
