label,start,stop
male,0.0,18.01
female,18.01,20.38
male,20.38,23.185000000000002
female,23.185000000000002,26.185000000000002
male,26.185000000000002,31.54
female,31.54,39.92
male,39.92,40.05
female,40.05,43.41
male,43.41,47.47
female,47.47,48.93
male,48.93,48.96
female,48.96,50.47
male,50.47,51.28
female,51.28,52.49
male,52.49,54.25
female,54.25,55.89
male,55.89,56.1
female,56.1,59.78
male,59.78,59.79
female,59.79,61.2
male,61.2,61.21
