label,start,stop
male,0.0,6.895
female,6.895,9.88
male,9.88,10.94
female,10.94,13.184999999999999
male,13.184999999999999,39.4
female,39.4,43.144999999999996
male,43.144999999999996,47.02
female,47.02,47.86
male,47.86,48.03
female,48.03,48.98
male,48.98,54.864999999999995
female,54.864999999999995,57.864999999999995
male,57.864999999999995,59.26
female,59.26,59.33
male,59.33,61.31
