label,start,stop
male,0.0,14.225000000000001
female,14.225000000000001,15.29
male,15.29,61.36
