label,start,stop
male,0.0,7.31
female,7.31,9.555
male,9.555,17.4
female,17.4,19.77
male,19.77,43.18
female,43.18,44.29
male,44.29,44.3
female,44.3,48.14
male,48.14,51.864999999999995
female,51.864999999999995,53.05
male,53.05,53.23
female,53.23,56.0
male,56.0,57.85
female,57.85,59.82
male,59.82,60.48
