label,start,stop
male,0.0,22.384999999999998
female,22.384999999999998,25.384999999999998
male,25.384999999999998,27.28
female,27.28,28.82
male,28.82,30.69
female,30.69,32.47
male,32.47,33.19
female,33.19,39.04
male,39.04,51.864999999999995
female,51.864999999999995,53.3
male,53.3,53.45
female,53.45,55.695
male,55.695,59.82
female,59.82,61.88
male,61.88,61.89
