label,start,stop
male,0.0,0.37
female,0.37,2.19
male,2.19,3.03
female,3.03,9.73
male,9.73,10.51
female,10.51,14.254999999999999
male,14.254999999999999,18.755000000000003
female,18.755000000000003,20.26
male,20.26,42.485
female,42.485,47.04
male,47.04,60.35
