label,start,stop
male,0.0,2.76
female,2.76,8.004999999999999
male,8.004999999999999,10.79
female,10.79,14.51
male,14.51,60.84
