label,start,stop
female,0.0,0.4522
male,1.1007,3.7457
male,4.07,5.9471
male,6.2031,7.6877
male,7.9437,33.6604
male,33.9505,39.195499999999996
female,39.195499999999996,51.971
male,52.3976,56.0836
male,56.4761,59.872
