label,start,stop
male,0.0,2.1246
male,3.0631,4.7184
male,6.3225,8.567499999999999
female,8.567499999999999,9.8891
male,11.2031,17.6877
male,19.7526,25.7935
male,26.4761,28.7211
female,28.7211,30.0256
male,32.4317,35.0256
male,35.6399,36.3908
male,37.1928,37.8242
male,38.7287,39.4966
male,40.7594,41.7321
male,42.244,50.1792
male,50.8959,54.0017
male,55.3669,56.3055
male,57.2782,59.1382
