label,start,stop
female,0.0,1.2031
female,1.8686,3.8823
female,5.657,7.1928
male,11.9539,12.4147
female,13.3191,15.4522
female,16.7662,21.1689
female,26.459,27.9778
female,28.7799,30.2474
male,31.8515,37.096500000000006
female,37.096500000000006,40.096500000000006
male,40.096500000000006,42.9096
female,44.1724,47.3294
female,48.1485,49.5478
female,50.9812,53.226200000000006
male,53.226200000000006,54.07
female,56.5273,57.6365
