label,start,stop
male,0.0,6.745
female,6.745,23.7799
female,24.2065,29.4515
male,29.4515,35.451499999999996
female,35.451499999999996,38.451499999999996
male,38.451499999999996,41.451499999999996
female,41.451499999999996,51.951499999999996
male,51.951499999999996,54.8891
male,56.186,59.6331
