label,start,stop
female,34.12,36.364999999999995
male,36.364999999999995,37.864999999999995
female,37.864999999999995,39.364999999999995
male,39.364999999999995,42.24
male,55.92,60.0
