label,start,stop
male,37.76,49.004999999999995
female,49.004999999999995,50.504999999999995
male,50.504999999999995,54.9
