label,start,stop
male,1.0495,1.6468
male,3.8481,13.3362
male,16.5273,20.0597
male,22.2099,29.2577
female,34.599,36.843999999999994
male,36.843999999999994,41.343999999999994
female,41.343999999999994,42.1246
male,43.541,48.786
female,48.786,51.5444
male,53.6945,58.2167
male,60.0256,61.525
