label,start,stop
male,42.5683,44.4454
male,45.2474,46.2201
male,47.6195,48.9505
female,50.9983,52.4659
female,52.9949,55.239900000000006
male,55.239900000000006,58.0802
male,59.1894,60.5375
