label,start,stop
male,0.0,0.913
male,2.5683,18.1655
male,19.3259,25.4863
female,25.9471,56.692099999999996
male,56.692099999999996,60.693
