label,start,stop
female,0.0,4.2406
female,4.6331,5.5205
female,6.0666,8.9334
female,22.1928,26.5956
female,29.872,31.8003
female,32.7389,36.483900000000006
male,36.483900000000006,46.983900000000006
female,46.983900000000006,51.4932
female,52.0563,61.0463
