label,start,stop
female,1.8686,4.8038
male,10.3328,11.1348
female,12.3635,16.1085
male,16.1085,16.9539
male,24.9744,27.8413
male,34.872,37.117000000000004
female,37.117000000000004,38.617000000000004
male,38.617000000000004,40.7423
male,40.9812,41.9369
male,46.7321,50.4771
female,50.4771,54.9771
male,54.9771,60.651
