label,start,stop
male,7.5512,12.5683
male,17.5,22.744999999999997
female,22.744999999999997,24.244999999999997
male,24.244999999999997,46.9539
