label,start,stop
female,0.0,5.4863
male,44.872,48.617000000000004
female,48.617000000000004,50.117000000000004
male,50.117000000000004,52.9266
female,55.3157,61.504
