label,start,stop
male,0.3157,32.5
female,33.0631,35.308099999999996
male,35.308099999999996,61.312
