label,start,stop
female,0.0,1.971
male,8.1655,11.910499999999999
female,11.910499999999999,15.7594
male,15.8618,18.1068
female,18.1068,21.1068
male,21.1068,21.8686
male,22.1928,23.6092
male,24.6331,28.2509
male,29.1553,32.9003
female,32.9003,34.4003
male,34.4003,38.9003
female,38.9003,40.657
male,41.186,43.431
female,43.431,44.931
male,44.931,51.5102
male,54.7696,58.5146
female,58.5146,60.0146
male,60.0146,60.864
