label,start,stop
female,0.0,14.4113
male,14.6672,28.1572
female,28.3703,40.2645
male,41.3737,46.618700000000004
female,46.618700000000004,58.618700000000004
male,58.618700000000004,61.845
