label,start,stop
female,4.3259,7.8925
female,10.6229,12.8584
male,15.2133,17.6536
male,20.1109,31.355900000000002
female,31.355900000000002,35.855900000000005
male,35.855900000000005,39.2235
female,42.0392,44.1041
male,52.0563,54.3013
female,54.3013,57.9266
