label,start,stop
male,0.0,26.244999999999997
female,26.244999999999997,41.7833
female,42.1416,61.995
