label,start,stop
male,0.0,17.244999999999997
female,17.244999999999997,18.744999999999997
male,18.744999999999997,29.9403
