label,start,stop
male,3.1655,8.0631
male,10.401,15.645999999999999
female,15.645999999999999,18.646
male,18.646,26.146
female,26.146,32.244
female,34.616,42.9608
male,44.4966,51.5785
female,53.8481,60.501
