label,start,stop
female,6.2884,9.9915
female,11.1348,13.4386
male,24.8549,25.7765
male,36.1348,39.3089
female,39.8208,43.565799999999996
male,43.565799999999996,46.442
female,47.1587,49.1724
male,53.0119,55.2569
female,55.2569,57.8754
male,58.0802,61.333
