label,start,stop
male,0.0,18.744999999999997
female,18.744999999999997,21.744999999999997
male,21.744999999999997,23.244999999999997
female,23.244999999999997,26.244999999999997
male,26.244999999999997,32.245000000000005
female,32.245000000000005,43.302
female,47.6195,50.5546
female,51.4932,53.029
female,53.2679,61.227
