label,start,stop
male,0.0,2.756
male,4.8379,5.7423
female,6.971,7.9096
female,10.6229,11.698
female,15.4522,20.697200000000002
male,20.697200000000002,24.9061
female,25.0768,26.2031
male,26.9539,33.285
male,37.0222,37.9608
male,38.2679,46.5129
female,46.5129,48.0129
male,48.0129,50.2579
male,51.6297,53.5922
male,55.3157,57.5341
