label,start,stop
female,0.0,8.245000000000001
male,8.245000000000001,17.5512
male,18.558,46.0495
female,50.7935,52.3635
male,54.3942,56.0154
male,56.186,58.0461
