label,start,stop
male,0.0,5.245
female,5.245,9.745000000000001
male,9.745000000000001,11.2543
male,14.5137,15.2645
male,17.0051,18.5068
male,20.5887,23.0461
male,27.7218,29.0358
male,30.9983,38.0631
male,39.4113,40.4522
female,42.8242,54.2918
male,55.8106,57.8242
