label,start,stop
male,0.0,14.245000000000001
female,14.245000000000001,17.5512
male,26.7833,27.3976
male,29.8379,31.6126
male,32.8584,35.1451
male,37.1587,38.4898
male,39.087,39.9915
male,43.0461,47.2099
male,49.5307,50.1109
male,52.2099,57.5341
male,57.7389,61.376
