label,start,stop
female,0.0,0.5034
male,3.9676,7.7126
female,7.7126,9.212599999999998
male,9.212599999999998,12.212599999999998
female,12.212599999999998,15.212599999999998
male,15.212599999999998,16.4249
female,17.5,20.0085
male,21.5273,22.5341
male,22.8072,23.5922
male,24.5478,25.2304
male,26.4249,26.9027
male,33.7287,36.8686
male,37.1246,37.3464
male,38.9164,42.6614
female,42.6614,47.9949
male,48.8311,49.616
female,49.8208,57.2952
female,58.029,59.6502
