label,start,stop
male,0.0,6.745
female,6.745,8.245000000000001
male,8.245000000000001,22.54
female,26.52,31.765
male,31.765,40.765
female,40.765,42.265
male,42.265,45.265
female,45.265,46.765
male,46.765,51.265
female,51.265,52.765
male,52.765,60.032
