label,start,stop
male,4.03,14.93
female,19.76,23.505000000000003
male,23.505000000000003,26.16
male,28.17,31.57
male,40.0,41.67
male,50.0,51.82
