label,start,stop
male,50.0,53.745000000000005
female,53.745000000000005,58.245000000000005
male,58.245000000000005,59.29
