label,start,stop
male,24.35,24.71
male,31.78,34.025000000000006
female,34.025000000000006,35.525000000000006
male,35.525000000000006,60.011
