label,start,stop
male,30.0,32.245000000000005
female,32.245000000000005,33.745000000000005
male,33.745000000000005,38.245000000000005
female,38.245000000000005,39.745000000000005
male,39.745000000000005,41.15
