label,start,stop
male,0.0,38.245000000000005
female,38.245000000000005,51.745000000000005
male,51.745000000000005,60.011
