label,start,stop
female,16.01,17.93
female,20.0,26.16
female,26.78,29.66
female,30.0,38.245000000000005
male,38.245000000000005,39.09
male,40.01,45.254999999999995
female,45.254999999999995,46.69
male,50.0,56.24
male,58.96,60.032
