label,start,stop
female,0.0,26.244999999999997
male,26.244999999999997,57.745000000000005
female,57.745000000000005,61.141
