label,start,stop
female,0.0,54.745000000000005
male,54.745000000000005,56.245000000000005
female,56.245000000000005,61.931
