label,start,stop
male,0.0,15.52
male,19.98,25.225
female,25.225,56.724999999999994
male,56.724999999999994,60.693
