label,start,stop
female,0.0,18.744999999999997
male,18.744999999999997,27.744999999999997
female,27.744999999999997,32.245000000000005
male,32.245000000000005,58.06
