label,start,stop
female,0.0,9.17
female,21.92,26.5
female,30.0,32.245000000000005
male,32.245000000000005,33.745000000000005
female,33.745000000000005,36.745000000000005
male,36.745000000000005,47.245000000000005
female,47.245000000000005,61.056
