label,start,stop
male,0.0,50.245000000000005
female,50.245000000000005,53.245000000000005
male,53.245000000000005,60.501
