label,start,stop
female,6.6,8.844999999999999
male,8.844999999999999,10.344999999999999
female,10.344999999999999,16.98
male,17.52,24.86
male,40.0,49.67
male,50.0,61.269
