label,start,stop
male,0.0,1.3
male,8.19,23.935000000000002
female,23.935000000000002,26.935000000000002
male,26.935000000000002,28.435000000000002
female,28.435000000000002,29.935000000000002
male,29.935000000000002,59.62
male,60.0,60.373
