label,start,stop
female,0.0,20.244999999999997
male,20.244999999999997,33.745000000000005
female,33.745000000000005,50.03
male,50.86,61.013
