label,start,stop
male,20.0,23.744999999999997
female,23.744999999999997,25.244999999999997
male,25.244999999999997,39.99
