label,start,stop
female,0.0,14.245000000000001
male,14.245000000000001,27.744999999999997
female,27.744999999999997,41.245000000000005
male,41.245000000000005,47.245000000000005
female,47.245000000000005,48.745000000000005
male,48.745000000000005,50.245000000000005
female,50.245000000000005,57.745000000000005
male,57.745000000000005,61.845
