label,start,stop
male,0.0,1.16
male,4.04,17.76
male,30.0,33.745000000000005
female,33.745000000000005,36.745000000000005
male,36.745000000000005,42.745000000000005
female,42.745000000000005,47.245000000000005
male,47.245000000000005,49.99
female,51.81,58.42
