label,start,stop
female,0.0,2.11
male,7.76,11.504999999999999
female,11.504999999999999,16.005
male,16.005,17.505000000000003
female,17.505000000000003,20.505000000000003
male,20.505000000000003,28.86
male,30.0,32.245000000000005
female,32.245000000000005,35.245000000000005
male,35.245000000000005,37.93
male,40.0,42.245000000000005
female,42.245000000000005,45.245000000000005
male,45.245000000000005,51.64
male,60.0,60.864
