label,start,stop
female,0.0,15.745
male,15.745,59.245000000000005
female,59.245000000000005,61.205
