label,start,stop
female,0.0,9.745000000000001
male,9.745000000000001,14.38
male,60.0,61.419
