label,start,stop
female,0.0,9.745000000000001
male,9.745000000000001,15.745
female,15.745,39.745000000000005
male,39.745000000000005,50.245000000000005
female,50.245000000000005,61.312
