label,start,stop
male,0.0,11.245000000000001
female,11.245000000000001,18.744999999999997
male,18.744999999999997,28.17
male,30.0,43.99
male,47.05,61.504
