label,start,stop
female,5.31,7.8
male,30.0,32.245000000000005
female,32.245000000000005,34.1
female,40.0,44.29
female,53.82,56.91
