label,start,stop
male,0.0,26.244999999999997
female,26.244999999999997,61.995
