label,start,stop
male,0.0,8.245000000000001
female,8.245000000000001,29.244999999999997
male,29.244999999999997,30.744999999999997
female,30.744999999999997,33.745000000000005
male,33.745000000000005,60.181
