label,start,stop
male,0.0,12.745000000000001
female,12.745000000000001,27.7
female,30.01,32.255
male,32.255,36.754999999999995
female,36.754999999999995,40.29
female,45.56,47.805
male,47.805,48.87
female,54.72,57.6
