label,start,stop
male,0.0,1.55
male,20.0,22.04
male,30.0,41.245000000000005
female,41.245000000000005,42.745000000000005
male,42.745000000000005,46.14
male,47.75,61.184
