label,start,stop
male,10.0,11.87
female,25.51,32.6
female,34.36,39.605000000000004
male,39.605000000000004,41.105000000000004
female,41.105000000000004,44.105000000000004
male,44.105000000000004,53.105000000000004
female,53.105000000000004,60.501
