label,start,stop
female,0.0,14.85
male,16.5,17.66
female,18.51,47.11
male,50.0,52.245000000000005
female,52.245000000000005,53.93
