label,start,stop
male,10.0,16.744999999999997
female,16.744999999999997,18.244999999999997
male,18.244999999999997,29.99
male,48.28,58.025000000000006
female,58.025000000000006,60.629
