label,start,stop
male,0.0,17.244999999999997
female,17.244999999999997,18.744999999999997
male,18.744999999999997,19.99
male,20.76,34.25
male,37.68,52.75
male,54.41,60.459
