label,start,stop
female,0.0,2.245
male,2.245,8.245000000000001
female,8.245000000000001,41.245000000000005
male,41.245000000000005,46.49
female,47.73,61.077
