label,start,stop
female,0.0,20.244999999999997
male,20.244999999999997,36.745000000000005
female,36.745000000000005,61.227
