label,start,stop
male,6.48,8.725000000000001
female,8.725000000000001,9.67
male,24.58,26.17
male,35.14,40.385000000000005
female,40.385000000000005,43.385000000000005
male,43.385000000000005,46.385000000000005
female,46.385000000000005,49.54
male,52.46,54.705
female,54.705,57.705
male,57.705,61.333
