label,start,stop
male,0.0,18.744999999999997
female,18.744999999999997,20.04
male,26.84,32.085
female,32.085,42.585
male,42.585,43.5
female,47.55,61.227
