label,start,stop
male,2.02,16.88
male,20.0,29.28
female,30.0,33.745000000000005
male,33.745000000000005,41.51
female,48.4,61.099
