label,start,stop
male,0.0,3.62
female,5.95,8.86
female,9.26,53.504999999999995
male,53.504999999999995,60.288
