label,start,stop
female,0.0,8.01
male,10.54,10.9
female,12.52,14.765
male,14.765,19.265
female,19.265,20.765
male,20.765,32.37
male,40.0,42.245000000000005
female,42.245000000000005,47.2
male,60.0,60.373
