label,start,stop
female,0.0,8.245000000000001
male,8.245000000000001,45.89
female,50.0,52.66
male,54.09,57.93
