label,start,stop
male,0.0,5.32
male,9.89,12.135000000000002
female,12.135000000000002,15.135000000000002
male,15.135000000000002,15.9
female,17.44,19.99
male,21.25,24.16
male,31.98,43.224999999999994
female,43.224999999999994,47.724999999999994
male,47.724999999999994,50.724999999999994
female,50.724999999999994,59.724999999999994
male,59.724999999999994,60.501
