label,start,stop
male,0.0,3.745
female,3.745,8.245000000000001
male,8.245000000000001,11.245000000000001
female,11.245000000000001,14.245000000000001
male,14.245000000000001,28.54
male,30.01,60.864
