label,start,stop
male,0.0,14.245000000000001
female,14.245000000000001,15.31
male,22.66,24.28
male,27.15,28.32
male,30.0,39.99
male,42.94,47.27
male,49.68,49.99
male,51.68,61.376
