label,start,stop
male,0.0,2.245
female,2.245,15.745
male,15.745,17.244999999999997
female,17.244999999999997,24.744999999999997
male,24.744999999999997,26.47
female,30.0,39.745000000000005
male,39.745000000000005,41.245000000000005
female,41.245000000000005,61.973
