label,start,stop
male,0.0,3.745
female,3.745,8.245000000000001
male,8.245000000000001,9.11
female,10.0,11.82
female,15.17,20.415
male,20.415,26.415
female,26.415,27.915
male,27.915,33.73
male,35.58,54.04
