label,start,stop
male,0.0,11.245000000000001
female,11.245000000000001,20.244999999999997
male,20.244999999999997,44.245000000000005
female,44.245000000000005,61.931
