label,start,stop
female,0.0,8.245000000000001
male,8.245000000000001,23.18
male,27.37,28.2
male,30.0,44.95
male,50.0,60.608
