label,start,stop
male,0.0,5.245
female,5.245,12.745000000000001
male,12.745000000000001,21.52
female,24.16,49.99
female,52.04,60.224
