label,start,stop
male,0.0,1.5
female,7.91,13.155000000000001
male,13.155000000000001,16.09
male,24.97,32.05
male,33.06,35.305
female,35.305,38.305
male,38.305,41.17
male,44.32,46.58
male,48.4,55.144999999999996
female,55.144999999999996,58.144999999999996
male,58.144999999999996,60.459
