label,start,stop
female,0.0,17.81
male,20.0,23.744999999999997
female,23.744999999999997,32.745000000000005
male,32.745000000000005,59.745000000000005
female,59.745000000000005,60.779
