label,start,stop
male,0.0,3.745
female,3.745,18.54
male,20.0,43.245000000000005
female,43.245000000000005,49.245000000000005
male,49.245000000000005,61.973
