label,start,stop
male,0.0,53.245000000000005
female,53.245000000000005,54.745000000000005
male,54.745000000000005,60.0
