label,start,stop
male,0.0,23.244999999999997
female,23.244999999999997,24.744999999999997
male,24.744999999999997,60.0
