label,start,stop
female,0.0,4.1
male,4.1,5.5
female,5.5,7.745
male,7.745,12.245000000000001
female,12.245000000000001,21.42
male,21.42,27.244999999999997
female,27.244999999999997,28.744999999999997
male,28.744999999999997,36.84
female,36.84,39.085
male,39.085,43.585
female,43.585,48.085
male,48.085,49.585
female,49.585,58.585
male,58.585,60.0
