label,start,stop
male,0.0,30.744999999999997
female,30.744999999999997,35.245000000000005
male,35.245000000000005,36.745000000000005
female,36.745000000000005,38.245000000000005
male,38.245000000000005,51.745000000000005
female,51.745000000000005,53.4
male,53.4,60.0
