label,start,stop
female,0.0,2.245
male,2.245,5.245
female,5.245,8.245000000000001
male,8.245000000000001,9.745000000000001
female,9.745000000000001,11.245000000000001
male,11.245000000000001,12.745000000000001
female,12.745000000000001,14.245000000000001
male,14.245000000000001,50.245000000000005
female,50.245000000000005,51.745000000000005
male,51.745000000000005,60.0
