label,start,stop
female,0.0,3.745
male,3.745,27.744999999999997
female,27.744999999999997,32.245000000000005
male,32.245000000000005,33.745000000000005
female,33.745000000000005,39.745000000000005
male,39.745000000000005,47.245000000000005
female,47.245000000000005,48.745000000000005
male,48.745000000000005,53.245000000000005
female,53.245000000000005,54.745000000000005
male,54.745000000000005,60.02
