label,start,stop
female,0.0,18.744999999999997
male,18.744999999999997,23.244999999999997
female,23.244999999999997,44.245000000000005
male,44.245000000000005,45.745000000000005
female,45.745000000000005,56.245000000000005
male,56.245000000000005,57.745000000000005
female,57.745000000000005,60.0
