label,start,stop
male,0.0,34.12
female,34.12,36.364999999999995
male,36.364999999999995,37.864999999999995
female,37.864999999999995,39.364999999999995
male,39.364999999999995,45.985
female,45.985,47.485
male,47.485,60.0
