label,start,stop
male,0.0,6.745
female,6.745,8.245000000000001
male,8.245000000000001,26.38
female,26.38,31.705000000000002
male,31.705000000000002,40.705
female,40.705,42.205
male,42.205,51.205
female,51.205,52.705
male,52.705,60.02
