label,start,stop
male,0.0,51.745000000000005
female,51.745000000000005,53.245000000000005
male,53.245000000000005,60.0
