label,start,stop
male,0.0,20.244999999999997
female,20.244999999999997,24.744999999999997
male,24.744999999999997,59.245000000000005
female,59.245000000000005,60.0
