label,start,stop
male,0.0,26.244999999999997
female,26.244999999999997,27.744999999999997
male,27.744999999999997,53.245000000000005
female,53.245000000000005,54.745000000000005
male,54.745000000000005,60.0
