label,start,stop
male,0.0,9.745000000000001
female,9.745000000000001,11.245000000000001
male,11.245000000000001,60.0
