label,start,stop
male,0.0,2.245
female,2.245,9.745000000000001
male,9.745000000000001,16.16
female,16.16,37.22
male,37.22,44.62
female,44.62,46.864999999999995
male,46.864999999999995,54.48
female,54.48,58.74
male,58.74,60.02
