label,start,stop
female,0.0,2.245
male,2.245,20.244999999999997
female,20.244999999999997,24.744999999999997
male,24.744999999999997,32.245000000000005
female,32.245000000000005,33.745000000000005
male,33.745000000000005,38.245000000000005
female,38.245000000000005,39.745000000000005
male,39.745000000000005,56.245000000000005
female,56.245000000000005,59.245000000000005
male,59.245000000000005,60.02
