label,start,stop
female,0.0,2.245
male,2.245,26.244999999999997
female,26.244999999999997,29.244999999999997
male,29.244999999999997,58.644999999999996
female,58.644999999999996,60.02
