label,start,stop
male,0.0,8.245000000000001
female,8.245000000000001,9.745000000000001
male,9.745000000000001,50.76
female,50.76,52.3
male,52.3,52.98
female,52.98,55.78
male,55.78,61.48
