label,start,stop
female,0.0,5.245
male,5.245,9.58
female,9.58,14.02
male,14.02,18.22
female,18.22,24.26
male,24.26,31.74
female,31.74,36.364999999999995
male,36.364999999999995,61.54
