label,start,stop
male,0.0,6.82
female,6.82,9.065000000000001
male,9.065000000000001,10.92
female,10.92,16.66
male,16.66,61.26
