label,start,stop
female,0.0,4.6049999999999995
male,4.6049999999999995,17.3
female,17.3,27.52
male,27.52,61.56
