label,start,stop
male,0.0,0.84
female,0.84,12.6
male,12.6,13.4
female,13.4,21.645
male,21.645,23.98
female,23.98,32.225
male,32.225,33.724999999999994
female,33.724999999999994,39.52
male,39.52,40.16
female,40.16,62.02
