label,start,stop
male,0.0,0.94
female,0.94,4.685
male,4.685,7.6850000000000005
female,7.6850000000000005,14.44
male,14.44,24.26
female,24.26,27.66
male,27.66,61.12
