label,start,stop
male,0.0,28.74
female,28.74,30.985
male,30.985,33.26
female,33.26,36.885000000000005
male,36.885000000000005,42.885000000000005
female,42.885000000000005,47.385000000000005
male,47.385000000000005,52.24
female,52.24,56.76
male,56.76,61.58
