label,start,stop
male,0.0,22.44
female,22.44,25.18
male,25.18,47.5
female,47.5,49.745000000000005
male,49.745000000000005,61.24
