label,start,stop
female,0.0,10.12
male,10.12,16.865000000000002
female,16.865000000000002,18.365000000000002
male,18.365000000000002,21.365000000000002
female,21.365000000000002,25.064999999999998
male,25.064999999999998,44.68
female,44.68,46.925
male,46.925,49.925
female,49.925,52.925
male,52.925,61.4
