label,start,stop
male,0.0,4.94
female,4.94,11.78
male,11.78,14.024999999999999
female,14.024999999999999,20.04
male,20.04,26.38
female,26.38,28.56
male,28.56,33.805
female,33.805,36.805
male,36.805,39.1
female,39.1,40.6
male,40.6,42.845
female,42.845,47.345
male,47.345,48.845
female,48.845,51.845
male,51.845,60.16
