label,start,stop
male,0.0,1.78
female,1.78,8.04
male,8.04,26.14
female,26.14,59.885000000000005
male,59.885000000000005,61.08
