label,start,stop
female,0.0,1.48
male,1.48,2.02
female,2.02,8.3
male,8.3,8.82
female,8.82,11.78
male,11.78,15.524999999999999
female,15.524999999999999,18.4
male,18.4,21.28
female,21.28,38.84
male,38.84,41.36
female,41.36,49.22
male,49.22,51.72
female,51.72,61.4
