label,start,stop
male,0.0,1.26
female,1.26,8.004999999999999
male,8.004999999999999,29.805
female,29.805,34.305
male,34.305,35.805
female,35.805,40.305
male,40.305,44.805
female,44.805,49.305
male,49.305,53.805
female,53.805,58.305
male,58.305,60.96
