label,start,stop
female,0.0,1.34
male,1.34,6.3
female,6.3,12.5
male,12.5,14.94
female,14.94,17.42
male,17.42,18.08
female,18.08,19.86
male,19.86,35.96
female,35.96,39.18
male,39.18,41.78
female,41.78,45.525000000000006
male,45.525000000000006,50.0
female,50.0,53.68
male,53.68,55.14
female,55.14,60.82
