label,start,stop
female,0.0,8.245000000000001
male,8.245000000000001,9.745000000000001
female,9.745000000000001,61.92
