label,start,stop
male,0.0,17.244999999999997
female,17.244999999999997,21.744999999999997
male,21.744999999999997,60.44
