label,start,stop
female,0.0,20.244999999999997
male,20.244999999999997,21.744999999999997
female,21.744999999999997,54.2
male,54.2,61.84
