label,start,stop
male,0.0,23.14
female,23.14,25.384999999999998
male,25.384999999999998,31.72
female,31.72,39.38
male,39.38,39.98
female,39.98,58.94
male,58.94,60.84
