label,start,stop
male,0.0,5.245
female,5.245,9.745000000000001
male,9.745000000000001,21.405
female,21.405,22.905
male,22.905,43.004999999999995
female,43.004999999999995,54.26
male,54.26,55.44
female,55.44,57.685
male,57.685,60.62
