start,stop,label
0.0,30.0,nonspeech
30.0,41.14999771118164,speech
41.14999771118164,60.032,nonspeech
