start,stop,label
0.0,45.65999984741211,speech
45.65999984741211,60.011,nonspeech
