start,stop,label
0.0,21.25,speech
21.25,22.579999923706055,nonspeech
22.579999923706055,24.6299991607666,speech
24.6299991607666,30.0,nonspeech
30.0,60.011,speech
