start,stop,label
0.0,5.96999979019165,speech
5.96999979019165,9.84999942779541,nonspeech
9.84999942779541,10.819999694824219,speech
10.819999694824219,25.18000030517578,nonspeech
25.18000030517578,25.84000015258789,speech
25.84000015258789,60.032,nonspeech
