start,stop,label
0.0,9.90999984741211,speech
9.90999984741211,11.449999809265137,nonspeech
11.449999809265137,22.260000228881836,speech
22.260000228881836,23.079999923706055,nonspeech
23.079999923706055,25.369998931884766,speech
25.369998931884766,26.469999313354492,nonspeech
26.469999313354492,53.5,speech
53.5,54.82999801635742,nonspeech
54.82999801635742,60.011,speech
