start,stop,label
0.0,20.0,nonspeech
20.0,32.849998474121094,speech
32.849998474121094,50.0,nonspeech
50.0,51.34000015258789,speech
51.34000015258789,60.032,nonspeech
