start,stop,label
0.0,37.47999954223633,nonspeech
37.47999954223633,44.55999755859375,speech
44.55999755859375,46.59000015258789,nonspeech
46.59000015258789,60.032,speech
