start,stop,label
0.0,13.00999927520752,speech
13.00999927520752,13.729999542236328,nonspeech
13.729999542236328,21.619998931884766,speech
21.619998931884766,23.34000015258789,nonspeech
23.34000015258789,60.011,speech
