start,stop,label
0.0,4.299999713897705,nonspeech
4.299999713897705,4.859999656677246,speech
4.859999656677246,10.0,nonspeech
10.0,15.639999389648438,speech
15.639999389648438,56.30999755859375,nonspeech
56.30999755859375,60.011,speech
