start,stop,label
0.0,11.380000114440918,speech
11.380000114440918,29.299999237060547,nonspeech
29.299999237060547,29.989999771118164,speech
29.989999771118164,42.77000045776367,nonspeech
42.77000045776367,44.5,speech
44.5,60.011,nonspeech
