start,stop,label
0.0,26.959999084472656,speech
26.959999084472656,27.84000015258789,nonspeech
27.84000015258789,60.011,speech
