start,stop,label
0.0,17.899999618530273,speech
17.899999618530273,19.829999923706055,nonspeech
19.829999923706055,29.989999771118164,speech
29.989999771118164,32.029998779296875,nonspeech
32.029998779296875,59.52000045776367,speech
59.52000045776367,60.032,nonspeech
