start,stop,label
0.0,20.0,nonspeech
20.0,21.799999237060547,speech
21.799999237060547,40.2599983215332,nonspeech
40.2599983215332,41.48999786376953,speech
41.48999786376953,60.032,nonspeech
