start,stop,label
0.0,19.229999542236328,speech
19.229999542236328,20.0,nonspeech
20.0,60.011,speech
