start,stop,label
0.0,3.8899998664855957,speech
3.8899998664855957,10.0,nonspeech
10.0,19.739999771118164,speech
19.739999771118164,60.011,nonspeech
