start,stop,label
0.0,2.5999999046325684,nonspeech
2.5999999046325684,5.039999961853027,speech
5.039999961853027,60.032,nonspeech
