start,stop,label
0.0,51.13999938964844,speech
51.13999938964844,60.011,nonspeech
