start,stop,label
0.0,1.159999966621399,nonspeech
1.159999966621399,1.8299999237060547,speech
1.8299999237060547,60.032,nonspeech
