start,stop,label
0.0,6.119999885559082,speech
6.119999885559082,11.40999984741211,nonspeech
11.40999984741211,16.81999969482422,speech
16.81999969482422,17.899999618530273,nonspeech
17.899999618530273,29.899999618530273,speech
29.899999618530273,38.66999816894531,nonspeech
38.66999816894531,60.032,speech
