start,stop,label
0.0,58.84000015258789,speech
58.84000015258789,60.011,nonspeech
