start,stop,label
0.0,24.350000381469727,nonspeech
24.350000381469727,24.709999084472656,speech
24.709999084472656,31.779998779296875,nonspeech
31.779998779296875,60.011,speech
