start,stop,label
0.0,21.619998931884766,speech
21.619998931884766,26.599998474121094,nonspeech
26.599998474121094,59.968,speech
