start,stop,label
0.0,23.649999618530273,nonspeech
23.649999618530273,28.619998931884766,speech
28.619998931884766,36.96999740600586,nonspeech
36.96999740600586,39.57999801635742,speech
39.57999801635742,40.0,nonspeech
40.0,41.88999938964844,speech
41.88999938964844,57.14999771118164,nonspeech
57.14999771118164,58.73999786376953,speech
58.73999786376953,60.011,nonspeech
