start,stop,label
0.0,9.359999656677246,speech
9.359999656677246,11.15999984741211,nonspeech
11.15999984741211,49.98999786376953,speech
49.98999786376953,53.66999816894531,nonspeech
53.66999816894531,60.011,speech
