start,stop,label
0.0,20.0,nonspeech
20.0,41.07999801635742,speech
41.07999801635742,50.0,nonspeech
50.0,53.03999710083008,speech
53.03999710083008,60.032,nonspeech
