start,stop,label
0.0,23.420000076293945,nonspeech
23.420000076293945,25.479999542236328,speech
25.479999542236328,60.011,nonspeech
