start,stop,label
0.0,40.0,nonspeech
40.0,45.43000030517578,speech
45.43000030517578,50.0,nonspeech
50.0,52.12999725341797,speech
52.12999725341797,57.09000015258789,nonspeech
57.09000015258789,60.032,speech
