start,stop,label
0.0,10.0,nonspeech
10.0,12.079999923706055,speech
12.079999923706055,50.0,nonspeech
50.0,60.011,speech
