start,stop,label
0.0,0.5999999642372131,nonspeech
0.5999999642372131,1.1399999856948853,speech
1.1399999856948853,7.679999828338623,nonspeech
7.679999828338623,13.84999942779541,speech
13.84999942779541,30.0,nonspeech
30.0,31.939998626708984,speech
31.939998626708984,60.011,nonspeech
