start,stop,label
0.0,2.259999990463257,nonspeech
2.259999990463257,60.011,speech
