start,stop,label
0.0,40.0099983215332,nonspeech
40.0099983215332,40.779998779296875,speech
40.779998779296875,60.011,nonspeech
