start,stop,label
0.0,55.48999786376953,speech
55.48999786376953,60.011,nonspeech
