start,stop,label
0.0,37.73999786376953,nonspeech
37.73999786376953,39.529998779296875,speech
39.529998779296875,40.0,nonspeech
40.0,43.21999740600586,speech
43.21999740600586,60.032,nonspeech
