start,stop,label
0.0,20.0,nonspeech
20.0,21.56999969482422,speech
21.56999969482422,36.84000015258789,nonspeech
36.84000015258789,37.2599983215332,speech
37.2599983215332,60.011,nonspeech
