start,stop,label
0.0,8.420000076293945,speech
8.420000076293945,10.0,nonspeech
10.0,60.032,speech
