start,stop,label
0.0,47.2599983215332,speech
47.2599983215332,60.011,nonspeech
