start,stop,label
0.0,40.0,nonspeech
40.0,55.939998626708984,speech
55.939998626708984,60.032,nonspeech
