start,stop,label
0.0,31.059999465942383,speech
31.059999465942383,37.62999725341797,nonspeech
37.62999725341797,60.011,speech
