start,stop,label
0.0,34.56999969482422,speech
34.56999969482422,37.709999084472656,nonspeech
37.709999084472656,45.03999710083008,speech
45.03999710083008,48.88999938964844,nonspeech
48.88999938964844,60.011,speech
