start,stop,label
0.0,30.40999984741211,speech
30.40999984741211,31.869998931884766,nonspeech
31.869998931884766,60.011,speech
