start,stop,label
0.0,0.7999999523162842,speech
0.7999999523162842,60.011,nonspeech
