start,stop,label
0.0,17.440000534057617,speech
17.440000534057617,21.779998779296875,nonspeech
21.779998779296875,24.639999389648438,speech
24.639999389648438,25.969999313354492,nonspeech
25.969999313354492,47.81999969482422,speech
47.81999969482422,50.0,nonspeech
50.0,58.84000015258789,speech
58.84000015258789,60.032,nonspeech
