start,stop,label
0.0,55.64999771118164,nonspeech
55.64999771118164,60.011,speech
