start,stop,label
0.0,14.6899995803833,nonspeech
14.6899995803833,15.899999618530273,speech
15.899999618530273,24.079999923706055,nonspeech
24.079999923706055,24.779998779296875,speech
24.779998779296875,30.0,nonspeech
30.0,39.98999786376953,speech
39.98999786376953,60.032,nonspeech
