start,stop,label
0.0,4.029999732971191,nonspeech
4.029999732971191,14.929999351501465,speech
14.929999351501465,19.760000228881836,nonspeech
19.760000228881836,26.15999984741211,speech
26.15999984741211,28.170000076293945,nonspeech
28.170000076293945,31.56999969482422,speech
31.56999969482422,40.0,nonspeech
40.0,41.66999816894531,speech
41.66999816894531,50.0,nonspeech
50.0,51.81999969482422,speech
51.81999969482422,60.011,nonspeech
