start,stop,label
0.0,43.029998779296875,nonspeech
43.029998779296875,44.5,speech
44.5,60.032,nonspeech
