start,stop,label
0.0,25.049999237060547,speech
25.049999237060547,26.93000030517578,nonspeech
26.93000030517578,39.47999954223633,speech
39.47999954223633,40.0,nonspeech
40.0,60.011,speech
