start,stop,label
0.0,22.53999900817871,speech
22.53999900817871,26.51999855041504,nonspeech
26.51999855041504,60.032,speech
