start,stop,label
0.0,3.569999933242798,nonspeech
3.569999933242798,6.170000076293945,speech
6.170000076293945,11.809999465942383,nonspeech
11.809999465942383,19.10999870300293,speech
19.10999870300293,60.736,nonspeech
