start,stop,label
0.0,13.239999771118164,speech
13.239999771118164,21.90999984741211,nonspeech
21.90999984741211,26.049999237060547,speech
26.049999237060547,26.94999885559082,nonspeech
26.94999885559082,40.87999725341797,speech
40.87999725341797,43.05999755859375,nonspeech
43.05999755859375,45.5,speech
45.5,51.88999938964844,nonspeech
51.88999938964844,60.288,speech
