start,stop,label
0.0,1.7899999618530273,speech
1.7899999618530273,9.179999351501465,nonspeech
9.179999351501465,26.6299991607666,speech
26.6299991607666,28.76999855041504,nonspeech
28.76999855041504,35.040000915527344,speech
35.040000915527344,40.0,nonspeech
40.0,53.939998626708984,speech
53.939998626708984,58.03999710083008,nonspeech
58.03999710083008,61.845,speech
