start,stop,label
0.0,1.2599999904632568,nonspeech
1.2599999904632568,22.869998931884766,speech
22.869998931884766,26.670000076293945,nonspeech
26.670000076293945,49.13999938964844,speech
49.13999938964844,50.80999755859375,nonspeech
50.80999755859375,61.013,speech
