start,stop,label
0.0,3.859999895095825,speech
3.859999895095825,10.0,nonspeech
10.0,15.389999389648438,speech
15.389999389648438,23.920000076293945,nonspeech
23.920000076293945,28.639999389648438,speech
28.639999389648438,34.54999923706055,nonspeech
34.54999923706055,39.52000045776367,speech
39.52000045776367,41.65999984741211,nonspeech
41.65999984741211,51.88999938964844,speech
51.88999938964844,52.90999984741211,nonspeech
52.90999984741211,60.373,speech
