start,stop,label
0.0,3.3499999046325684,speech
3.3499999046325684,5.839999675750732,nonspeech
5.839999675750732,22.549999237060547,speech
22.549999237060547,26.35999870300293,nonspeech
26.35999870300293,62.037,speech
