start,stop,label
0.0,43.57999801635742,speech
43.57999801635742,43.87999725341797,nonspeech
43.87999725341797,51.28999710083008,speech
51.28999710083008,52.87999725341797,nonspeech
52.87999725341797,61.653,speech
