start,stop,label
0.0,3.5299999713897705,nonspeech
3.5299999713897705,47.43000030517578,speech
47.43000030517578,49.119998931884766,nonspeech
49.119998931884766,53.5099983215332,speech
53.5099983215332,62.016,nonspeech
