start,stop,label
0.0,1.2999999523162842,speech
1.2999999523162842,8.1899995803833,nonspeech
8.1899995803833,59.619998931884766,speech
59.619998931884766,60.0,nonspeech
60.0,60.373,speech
