start,stop,label
0.0,4.059999942779541,speech
4.059999942779541,10.699999809265137,nonspeech
10.699999809265137,61.568,speech
