start,stop,label
0.0,9.609999656677246,speech
9.609999656677246,10.069999694824219,nonspeech
10.069999694824219,60.992,speech
