start,stop,label
0.0,9.170000076293945,speech
9.170000076293945,21.920000076293945,nonspeech
21.920000076293945,26.5,speech
26.5,30.0,nonspeech
30.0,61.056,speech
