start,stop,label
0.0,22.059999465942383,nonspeech
22.059999465942383,24.56999969482422,speech
24.56999969482422,35.54999923706055,nonspeech
35.54999923706055,38.62999725341797,speech
38.62999725341797,42.27000045776367,nonspeech
42.27000045776367,44.04999923706055,speech
44.04999923706055,46.68000030517578,nonspeech
46.68000030517578,48.34000015258789,speech
48.34000015258789,61.141,nonspeech
