start,stop,label
0.0,18.440000534057617,speech
18.440000534057617,24.869998931884766,nonspeech
24.869998931884766,30.78999900817871,speech
30.78999900817871,38.59000015258789,nonspeech
38.59000015258789,60.693,speech
