start,stop,label
0.0,49.98999786376953,speech
49.98999786376953,51.0099983215332,nonspeech
51.0099983215332,61.952,speech
