start,stop,label
0.0,15.519999504089355,speech
15.519999504089355,19.979999542236328,nonspeech
19.979999542236328,60.693,speech
