start,stop,label
0.0,32.5099983215332,speech
32.5099983215332,50.56999969482422,nonspeech
50.56999969482422,60.757,speech
