start,stop,label
0.0,6.599999904632568,nonspeech
6.599999904632568,16.979999542236328,speech
16.979999542236328,17.520000457763672,nonspeech
17.520000457763672,24.85999870300293,speech
24.85999870300293,40.0,nonspeech
40.0,49.66999816894531,speech
49.66999816894531,50.0,nonspeech
50.0,61.269,speech
