start,stop,label
0.0,60.94999694824219,speech
60.94999694824219,61.141,nonspeech
