start,stop,label
0.0,58.05999755859375,speech
58.05999755859375,60.267,nonspeech
