start,stop,label
0.0,1.0,nonspeech
1.0,11.869999885559082,speech
11.869999885559082,13.819999694824219,nonspeech
13.819999694824219,61.291,speech
