start,stop,label
0.0,1.1100000143051147,nonspeech
1.1100000143051147,5.259999752044678,speech
5.259999752044678,10.0,nonspeech
10.0,14.149999618530273,speech
14.149999618530273,19.31999969482422,nonspeech
19.31999969482422,24.639999389648438,speech
24.639999389648438,31.579999923706055,nonspeech
31.579999923706055,35.5099983215332,speech
35.5099983215332,61.547,nonspeech
