start,stop,label
0.0,2.6499998569488525,nonspeech
2.6499998569488525,5.21999979019165,speech
5.21999979019165,18.459999084472656,nonspeech
18.459999084472656,25.93000030517578,speech
25.93000030517578,42.21999740600586,nonspeech
42.21999740600586,49.98999786376953,speech
49.98999786376953,52.62999725341797,nonspeech
52.62999725341797,61.504,speech
