start,stop,label
0.0,23.079999923706055,speech
23.079999923706055,24.06999969482422,nonspeech
24.06999969482422,27.85999870300293,speech
27.85999870300293,31.8799991607666,nonspeech
31.8799991607666,61.141,speech
