start,stop,label
0.0,0.6100000143051147,nonspeech
0.6100000143051147,23.309999465942383,speech
23.309999465942383,23.969999313354492,nonspeech
23.969999313354492,62.037,speech
