start,stop,label
0.0,3.25,speech
3.25,7.179999828338623,nonspeech
7.179999828338623,32.2599983215332,speech
32.2599983215332,33.57999801635742,nonspeech
33.57999801635742,61.568,speech
