start,stop,label
0.0,9.989999771118164,speech
9.989999771118164,18.40999984741211,nonspeech
18.40999984741211,26.349998474121094,speech
26.349998474121094,29.389999389648438,nonspeech
29.389999389648438,32.13999938964844,speech
32.13999938964844,40.0,nonspeech
40.0,50.54999923706055,speech
50.54999923706055,54.36000061035156,nonspeech
54.36000061035156,60.181,speech
