start,stop,label
0.0,3.0199999809265137,speech
3.0199999809265137,10.010000228881836,nonspeech
10.010000228881836,13.039999961853027,speech
13.039999961853027,13.869999885559082,nonspeech
13.869999885559082,15.210000038146973,speech
15.210000038146973,17.369998931884766,nonspeech
17.369998931884766,39.98999786376953,speech
39.98999786376953,41.11000061035156,nonspeech
41.11000061035156,55.03999710083008,speech
55.03999710083008,57.69999694824219,nonspeech
57.69999694824219,61.781,speech
