start,stop,label
0.0,4.650000095367432,nonspeech
4.650000095367432,37.65999984741211,speech
37.65999984741211,39.75,nonspeech
39.75,56.38999938964844,speech
56.38999938964844,59.87999725341797,nonspeech
59.87999725341797,60.352,speech
