start,stop,label
0.0,2.879999876022339,nonspeech
2.879999876022339,21.959999084472656,speech
21.959999084472656,24.40999984741211,nonspeech
24.40999984741211,30.869998931884766,speech
30.869998931884766,49.18000030517578,nonspeech
49.18000030517578,56.189998626708984,speech
56.189998626708984,60.885,nonspeech
