start,stop,label
0.0,5.489999771118164,nonspeech
5.489999771118164,57.27000045776367,speech
57.27000045776367,60.0,nonspeech
60.0,61.909,speech
