start,stop,label
0.0,5.069999694824219,speech
5.069999694824219,44.77000045776367,nonspeech
44.77000045776367,52.80999755859375,speech
52.80999755859375,55.27000045776367,nonspeech
55.27000045776367,61.504,speech
