start,stop,label
0.0,16.029998779296875,speech
16.029998779296875,18.43000030517578,nonspeech
18.43000030517578,61.696,speech
