start,stop,label
0.0,10.0,nonspeech
10.0,11.489999771118164,speech
11.489999771118164,13.809999465942383,nonspeech
13.809999465942383,15.929999351501465,speech
15.929999351501465,61.248,nonspeech
