start,stop,label
0.0,15.25999927520752,speech
15.25999927520752,30.170000076293945,nonspeech
30.170000076293945,31.239999771118164,speech
31.239999771118164,46.53999710083008,nonspeech
46.53999710083008,56.53999710083008,speech
56.53999710083008,61.696,nonspeech
