start,stop,label
0.0,5.089999675750732,speech
5.089999675750732,39.869998931884766,nonspeech
39.869998931884766,60.288,speech
