start,stop,label
0.0,1.159999966621399,speech
1.159999966621399,4.039999961853027,nonspeech
4.039999961853027,17.760000228881836,speech
17.760000228881836,30.0,nonspeech
30.0,49.98999786376953,speech
49.98999786376953,51.80999755859375,nonspeech
51.80999755859375,58.41999816894531,speech
58.41999816894531,61.589,nonspeech
