start,stop,label
0.0,41.48999786376953,speech
41.48999786376953,46.5,nonspeech
46.5,57.66999816894531,speech
57.66999816894531,61.845,nonspeech
