start,stop,label
0.0,1.4499999284744263,speech
1.4499999284744263,6.460000038146973,nonspeech
6.460000038146973,14.329999923706055,speech
14.329999923706055,16.5,nonspeech
16.5,17.559999465942383,speech
17.559999465942383,35.880001068115234,nonspeech
35.880001068115234,46.619998931884766,speech
46.619998931884766,50.0,nonspeech
50.0,60.843,speech
