start,stop,label
0.0,2.5399999618530273,speech
2.5399999618530273,6.670000076293945,nonspeech
6.670000076293945,49.98999786376953,speech
49.98999786376953,50.959999084472656,nonspeech
50.959999084472656,60.651,speech
