start,stop,label
0.0,2.109999895095825,speech
2.109999895095825,7.759999752044678,nonspeech
7.759999752044678,28.85999870300293,speech
28.85999870300293,30.0,nonspeech
30.0,37.93000030517578,speech
37.93000030517578,40.0,nonspeech
40.0,51.63999938964844,speech
51.63999938964844,60.0,nonspeech
60.0,60.864,speech
