start,stop,label
0.0,6.699999809265137,speech
6.699999809265137,11.960000038146973,nonspeech
11.960000038146973,15.719999313354492,speech
15.719999313354492,23.100000381469727,nonspeech
23.100000381469727,41.14999771118164,speech
41.14999771118164,47.31999969482422,nonspeech
47.31999969482422,55.94999694824219,speech
55.94999694824219,59.15999984741211,nonspeech
59.15999984741211,60.373,speech
