start,stop,label
0.0,57.73999786376953,speech
57.73999786376953,60.907,nonspeech
