start,stop,label
0.0,50.81999969482422,nonspeech
50.81999969482422,54.07999801635742,speech
54.07999801635742,61.419,nonspeech
