start,stop,label
0.0,30.40999984741211,nonspeech
30.40999984741211,31.029998779296875,speech
31.029998779296875,49.119998931884766,nonspeech
49.119998931884766,56.96999740600586,speech
56.96999740600586,60.971,nonspeech
