start,stop,label
0.0,11.979999542236328,speech
11.979999542236328,21.18000030517578,nonspeech
21.18000030517578,38.71999740600586,speech
38.71999740600586,41.02000045776367,nonspeech
41.02000045776367,53.86000061035156,speech
53.86000061035156,56.16999816894531,nonspeech
56.16999816894531,61.419,speech
