start,stop,label
0.0,10.019999504089355,speech
10.019999504089355,11.84000015258789,nonspeech
11.84000015258789,60.949,speech
