start,stop,label
0.0,23.85999870300293,speech
23.85999870300293,26.15999984741211,nonspeech
26.15999984741211,60.416,speech
