start,stop,label
0.0,50.029998779296875,speech
50.029998779296875,50.86000061035156,nonspeech
50.86000061035156,61.013,speech
