start,stop,label
0.0,55.82999801635742,speech
55.82999801635742,57.869998931884766,nonspeech
57.869998931884766,60.949,speech
