start,stop,label
0.0,1.709999918937683,nonspeech
1.709999918937683,61.099,speech
