start,stop,label
0.0,59.98999786376953,speech
59.98999786376953,61.099,nonspeech
