start,stop,label
0.0,4.940000057220459,speech
4.940000057220459,9.059999465942383,nonspeech
9.059999465942383,61.419,speech
