start,stop,label
0.0,5.589999675750732,speech
5.589999675750732,17.31999969482422,nonspeech
17.31999969482422,27.989999771118164,speech
27.989999771118164,29.35999870300293,nonspeech
29.35999870300293,60.779,speech
