start,stop,label
0.0,28.170000076293945,speech
28.170000076293945,30.0,nonspeech
30.0,43.98999786376953,speech
43.98999786376953,47.04999923706055,nonspeech
47.04999923706055,61.504,speech
