start,stop,label
0.0,10.0,nonspeech
10.0,12.449999809265137,speech
12.449999809265137,13.40999984741211,nonspeech
13.40999984741211,26.849998474121094,speech
26.849998474121094,30.0,nonspeech
30.0,60.416,speech
