start,stop,label
0.0,19.989999771118164,speech
19.989999771118164,60.971,nonspeech
