start,stop,label
0.0,26.84000015258789,nonspeech
26.84000015258789,27.959999084472656,speech
27.959999084472656,30.010000228881836,nonspeech
30.010000228881836,32.39999771118164,speech
32.39999771118164,36.279998779296875,nonspeech
36.279998779296875,39.56999969482422,speech
39.56999969482422,45.53999710083008,nonspeech
45.53999710083008,53.029998779296875,speech
53.029998779296875,61.227,nonspeech
