start,stop,label
0.0,5.309999942779541,nonspeech
5.309999942779541,7.799999713897705,speech
7.799999713897705,30.0,nonspeech
30.0,34.099998474121094,speech
34.099998474121094,40.0,nonspeech
40.0,44.290000915527344,speech
44.290000915527344,53.81999969482422,nonspeech
53.81999969482422,56.90999984741211,speech
56.90999984741211,61.291,nonspeech
