start,stop,label
0.0,7.639999866485596,speech
7.639999866485596,14.269999504089355,nonspeech
14.269999504089355,29.479999542236328,speech
29.479999542236328,30.0,nonspeech
30.0,37.209999084472656,speech
37.209999084472656,40.0,nonspeech
40.0,52.36000061035156,speech
52.36000061035156,54.36000061035156,nonspeech
54.36000061035156,61.909,speech
