start,stop,label
0.0,27.69999885559082,speech
27.69999885559082,30.010000228881836,nonspeech
30.010000228881836,40.290000915527344,speech
40.290000915527344,45.55999755859375,nonspeech
45.55999755859375,48.869998931884766,speech
48.869998931884766,54.71999740600586,nonspeech
54.71999740600586,57.599998474121094,speech
57.599998474121094,61.931,nonspeech
