start,stop,label
0.0,35.95000076293945,speech
35.95000076293945,37.05999755859375,nonspeech
37.05999755859375,41.68000030517578,speech
41.68000030517578,42.11000061035156,nonspeech
42.11000061035156,56.959999084472656,speech
56.959999084472656,58.29999923706055,nonspeech
58.29999923706055,60.864,speech
