start,stop,label
0.0,15.279999732971191,nonspeech
15.279999732971191,19.989999771118164,speech
19.989999771118164,27.059999465942383,nonspeech
27.059999465942383,35.91999816894531,speech
35.91999816894531,41.80999755859375,nonspeech
41.80999755859375,60.693,speech
