start,stop,label
0.0,54.59000015258789,speech
54.59000015258789,61.845,nonspeech
