start,stop,label
0.0,0.8799999952316284,nonspeech
0.8799999952316284,14.1899995803833,speech
14.1899995803833,60.267,nonspeech
