start,stop,label
0.0,10.0,nonspeech
10.0,29.989999771118164,speech
29.989999771118164,48.279998779296875,nonspeech
48.279998779296875,60.629,speech
