start,stop,label
0.0,46.48999786376953,speech
46.48999786376953,47.72999954223633,nonspeech
47.72999954223633,61.077,speech
