start,stop,label
0.0,12.029999732971191,nonspeech
12.029999732971191,17.389999389648438,speech
17.389999389648438,31.59000015258789,nonspeech
31.59000015258789,39.290000915527344,speech
39.290000915527344,40.0,nonspeech
40.0,59.63999938964844,speech
59.63999938964844,60.0,nonspeech
60.0,60.864,speech
