start,stop,label
0.0,19.989999771118164,speech
19.989999771118164,20.760000228881836,nonspeech
20.760000228881836,34.2599983215332,speech
34.2599983215332,37.68000030517578,nonspeech
37.68000030517578,52.75,speech
52.75,54.40999984741211,nonspeech
54.40999984741211,60.459,speech
