start,stop,label
0.0,14.84999942779541,speech
14.84999942779541,16.5,nonspeech
16.5,17.65999984741211,speech
17.65999984741211,18.510000228881836,nonspeech
18.510000228881836,47.11000061035156,speech
47.11000061035156,50.0,nonspeech
50.0,53.93000030517578,speech
53.93000030517578,60.715,nonspeech
