start,stop,label
0.0,10.0,nonspeech
10.0,11.869999885559082,speech
11.869999885559082,25.510000228881836,nonspeech
25.510000228881836,32.599998474121094,speech
32.599998474121094,34.36000061035156,nonspeech
34.36000061035156,60.501,speech
