start,stop,label
0.0,1.5499999523162842,speech
1.5499999523162842,20.0,nonspeech
20.0,22.03999900817871,speech
22.03999900817871,30.0,nonspeech
30.0,46.13999938964844,speech
46.13999938964844,47.75,nonspeech
47.75,61.184,speech
