start,stop,label
0.0,20.03999900817871,speech
20.03999900817871,26.84000015258789,nonspeech
26.84000015258789,43.5,speech
43.5,47.54999923706055,nonspeech
47.54999923706055,61.227,speech
