start,stop,label
0.0,6.480000019073486,nonspeech
6.480000019073486,9.670000076293945,speech
9.670000076293945,24.579999923706055,nonspeech
24.579999923706055,26.170000076293945,speech
26.170000076293945,35.13999938964844,nonspeech
35.13999938964844,49.53999710083008,speech
49.53999710083008,52.459999084472656,nonspeech
52.459999084472656,61.333,speech
