start,stop,label
0.0,28.53999900817871,speech
28.53999900817871,30.010000228881836,nonspeech
30.010000228881836,60.864,speech
