start,stop,label
0.0,3.619999885559082,speech
3.619999885559082,5.949999809265137,nonspeech
5.949999809265137,8.859999656677246,speech
8.859999656677246,9.260000228881836,nonspeech
9.260000228881836,60.288,speech
