start,stop,label
0.0,7.239999771118164,nonspeech
7.239999771118164,48.34000015258789,speech
48.34000015258789,60.309,nonspeech
