start,stop,label
0.0,1.3799999952316284,speech
1.3799999952316284,3.2899999618530273,nonspeech
3.2899999618530273,16.579999923706055,speech
16.579999923706055,40.0,nonspeech
40.0,45.52000045776367,speech
45.52000045776367,47.40999984741211,nonspeech
47.40999984741211,49.689998626708984,speech
49.689998626708984,50.43000030517578,nonspeech
50.43000030517578,53.14999771118164,speech
53.14999771118164,57.39999771118164,nonspeech
57.39999771118164,61.5,speech
61.5,61.888,nonspeech
