start,stop,label
0.0,3.5799999237060547,speech
3.5799999237060547,7.159999847412109,nonspeech
7.159999847412109,11.449999809265137,speech
11.449999809265137,13.359999656677246,nonspeech
13.359999656677246,19.079999923706055,speech
19.079999923706055,20.0,nonspeech
20.0,28.459999084472656,speech
28.459999084472656,30.25,nonspeech
30.25,44.29999923706055,speech
44.29999923706055,47.38999938964844,nonspeech
47.38999938964844,60.544,speech
