start,stop,label
0.0,18.10999870300293,speech
18.10999870300293,20.0,nonspeech
20.0,39.41999816894531,speech
39.41999816894531,40.0,nonspeech
40.0,49.98999786376953,speech
49.98999786376953,53.209999084472656,nonspeech
53.209999084472656,61.888,speech
