start,stop,label
0.0,23.18000030517578,speech
23.18000030517578,27.369998931884766,nonspeech
27.369998931884766,28.19999885559082,speech
28.19999885559082,30.0,nonspeech
30.0,44.95000076293945,speech
44.95000076293945,50.0,nonspeech
50.0,60.608,speech
