start,stop,label
0.0,28.40999984741211,speech
28.40999984741211,29.479999542236328,nonspeech
29.479999542236328,60.181,speech
