start,stop,label
0.0,2.0199999809265137,nonspeech
2.0199999809265137,16.8799991607666,speech
16.8799991607666,20.0,nonspeech
20.0,29.279998779296875,speech
29.279998779296875,30.0,nonspeech
30.0,41.5099983215332,speech
41.5099983215332,48.39999771118164,nonspeech
48.39999771118164,61.099,speech
