start,stop,label
0.0,1.2400000095367432,nonspeech
1.2400000095367432,9.639999389648438,speech
9.639999389648438,10.0,nonspeech
10.0,13.579999923706055,speech
13.579999923706055,18.020000457763672,nonspeech
18.020000457763672,22.389999389648438,speech
22.389999389648438,26.76999855041504,nonspeech
26.76999855041504,60.245,speech
