start,stop,label
0.0,45.88999938964844,speech
45.88999938964844,50.0,nonspeech
50.0,52.65999984741211,speech
52.65999984741211,54.09000015258789,nonspeech
54.09000015258789,57.93000030517578,speech
57.93000030517578,61.269,nonspeech
