start,stop,label
0.0,9.109999656677246,speech
9.109999656677246,10.0,nonspeech
10.0,11.819999694824219,speech
11.819999694824219,15.170000076293945,nonspeech
15.170000076293945,33.72999954223633,speech
33.72999954223633,35.57999801635742,nonspeech
35.57999801635742,54.03999710083008,speech
54.03999710083008,61.781,nonspeech
