start,stop,label
0.0,21.520000457763672,speech
21.520000457763672,24.15999984741211,nonspeech
24.15999984741211,49.98999786376953,speech
49.98999786376953,52.03999710083008,nonspeech
52.03999710083008,60.224,speech
