start,stop,label
0.0,6.239999771118164,nonspeech
6.239999771118164,36.529998779296875,speech
36.529998779296875,58.88999938964844,nonspeech
58.88999938964844,60.587,speech
