start,stop,label
0.0,28.209999084472656,nonspeech
28.209999084472656,61.909,speech
