start,stop,label
0.0,8.010000228881836,speech
8.010000228881836,10.539999961853027,nonspeech
10.539999961853027,10.899999618530273,speech
10.899999618530273,12.519999504089355,nonspeech
12.519999504089355,32.369998931884766,speech
32.369998931884766,40.0,nonspeech
40.0,47.20000076293945,speech
47.20000076293945,60.0,nonspeech
60.0,60.373,speech
