start,stop,label
0.0,0.019999999552965164,nonspeech
0.019999999552965164,2.8399999141693115,speech
2.8399999141693115,8.720000267028809,nonspeech
8.720000267028809,22.8799991607666,speech
22.8799991607666,23.889999389648438,nonspeech
23.889999389648438,61.141,speech
