start,stop,label
0.0,5.319999694824219,speech
5.319999694824219,9.889999389648438,nonspeech
9.889999389648438,15.899999618530273,speech
15.899999618530273,17.440000534057617,nonspeech
17.440000534057617,19.989999771118164,speech
19.989999771118164,21.25,nonspeech
21.25,24.15999984741211,speech
24.15999984741211,31.979999542236328,nonspeech
31.979999542236328,60.501,speech
