start,stop,label
0.0,30.0,nonspeech
30.0,37.25,speech
37.25,46.87999725341797,nonspeech
46.87999725341797,54.80999755859375,speech
54.80999755859375,56.65999984741211,nonspeech
56.65999984741211,57.18000030517578,speech
57.18000030517578,60.629,nonspeech
