start,stop,label
0.0,1.5,speech
1.5,7.909999847412109,nonspeech
7.909999847412109,16.09000015258789,speech
16.09000015258789,24.969999313354492,nonspeech
24.969999313354492,32.04999923706055,speech
32.04999923706055,33.05999755859375,nonspeech
33.05999755859375,41.16999816894531,speech
41.16999816894531,44.31999969482422,nonspeech
44.31999969482422,46.57999801635742,speech
46.57999801635742,48.39999771118164,nonspeech
48.39999771118164,60.459,speech
