start,stop,label
0.0,6.759999752044678,nonspeech
6.759999752044678,8.1899995803833,speech
8.1899995803833,10.0,nonspeech
10.0,11.170000076293945,speech
11.170000076293945,13.529999732971191,nonspeech
13.529999732971191,17.1299991607666,speech
17.1299991607666,61.312,nonspeech
