label,start,stop
male,1.4,5.145
female,5.145,8.145
male,8.145,12.645
female,12.645,14.145
male,14.145,19.4
male,19.6,33.7
male,35.0,40.9
male,43.4,44.1
male,44.4,49.644999999999996
female,49.644999999999996,52.644999999999996
male,52.644999999999996,60.0
