label,start,stop
male,0.1,1.5
female,1.8,4.3
female,5.6,7.7
female,8.2,9.5
male,11.9,12.7
female,13.3,15.7
female,16.6,21.3
male,24.2,24.8
female,26.5,28.2
female,28.7,30.7
female,31.7,34.3
male,34.4,36.2
female,37.1,39.345
male,39.345,43.3
female,44.1,47.6
female,48.1,49.9
female,50.9,53.144999999999996
male,53.144999999999996,54.3
female,55.0,58.0
female,58.9,60.0
