label,start,stop
male,1.9,2.2
male,2.6,7.845
female,7.845,13.844999999999999
male,13.844999999999999,22.845
female,22.845,24.345
male,24.345,34.5
male,36.8,38.3
male,39.2,44.6
male,45.3,47.545
female,47.545,50.545
male,50.545,53.545
female,53.545,58.045
male,58.045,60.0
