label,start,stop
female,20.4,22.645
male,22.645,27.7
female,31.5,33.745000000000005
male,33.745000000000005,45.3
male,46.2,53.0
male,54.4,56.644999999999996
female,56.644999999999996,58.144999999999996
male,58.144999999999996,60.0
