label,start,stop
female,0.1,3.8449999999999998
male,3.8449999999999998,9.844999999999999
female,9.844999999999999,29.1
male,29.2,31.445
female,31.445,37.3
male,37.4,41.1
female,41.4,44.3
female,44.5,55.9
female,56.0,60.0
