label,start,stop
male,0.0,6.745
female,6.745,8.245000000000001
male,8.245000000000001,11.1
male,11.2,15.1
male,15.2,18.0
male,18.1,22.4
female,26.6,31.845000000000002
male,31.845000000000002,51.345
female,51.345,54.1
male,54.2,55.1
male,55.6,57.845
female,57.845,60.0
