label,start,stop
male,0.2,5.445
female,5.445,23.7
female,24.2,29.445
male,29.445,35.445
female,35.445,38.445
male,38.445,41.445
female,41.445,45.1
female,45.5,52.245000000000005
male,52.245000000000005,54.9
male,56.2,56.6
male,57.1,57.6
male,58.1,60.0
