label,start,stop
male,0.2,2.0
male,3.0,5.0
male,6.0,8.245000000000001
female,8.245000000000001,9.9
male,11.1,18.0
male,19.7,21.7
male,22.0,26.0
male,26.4,30.4
male,32.4,35.2
male,35.5,36.6
male,37.1,38.1
male,38.7,39.8
male,40.5,47.9
male,48.1,50.1
male,50.8,54.3
male,55.3,56.5
male,57.2,59.2
