label,start,stop
male,0.1,1.5
male,2.6,18.7
male,19.5,26.244999999999997
female,26.244999999999997,56.245000000000005
male,56.245000000000005,60.7
