label,start,stop
female,0.1,1.8
male,3.5,7.0
male,7.9,11.645
female,11.645,16.145
male,16.145,18.3
male,18.4,18.9
female,19.1,21.3
male,22.2,22.5
male,22.7,23.5
male,24.2,28.3
male,28.8,29.2
male,30.1,30.7
male,31.0,33.245000000000005
female,33.245000000000005,34.745000000000005
male,34.745000000000005,36.6
male,36.9,37.6
male,39.1,39.6
male,39.8,43.545
female,43.545,45.045
male,45.045,48.6
male,49.8,51.4
male,54.7,58.445
female,58.445,59.945
male,59.945,60.9
