label,start,stop
female,0.1,0.6
female,0.7,4.6
female,4.9,10.0
female,10.1,11.7
female,12.1,12.6
female,12.7,14.4
male,14.6,15.5
male,15.9,18.1
male,18.6,19.6
male,19.7,21.3
male,21.4,23.2
male,23.5,25.6
male,25.8,27.9
female,28.3,30.7
female,30.9,40.4
male,41.3,45.7
female,46.0,49.745000000000005
male,49.745000000000005,51.1
female,51.2,57.945
male,57.945,61.8
