label,start,stop
male,0.3,0.9
male,2.8,4.0
male,4.2,13.4
male,13.7,17.6
male,18.8,19.1
female,29.8,30.6
male,31.4,33.644999999999996
female,33.644999999999996,36.644999999999996
male,36.644999999999996,39.644999999999996
female,39.644999999999996,41.1
male,41.3,43.545
female,43.545,48.045
male,48.045,50.7
female,52.1,58.5
