label,start,stop
female,0.1,3.8449999999999998
male,3.8449999999999998,6.845
female,6.845,14.344999999999999
male,14.344999999999999,24.1
female,24.4,28.2
male,32.2,61.1
