label,start,stop
female,0.1,4.7
female,4.9,6.5
male,6.7,9.0
male,9.1,15.2
male,15.6,20.4
male,33.2,34.1
female,37.4,39.644999999999996
male,39.644999999999996,41.2
female,45.2,50.445
male,50.445,51.9
male,53.0,53.9
female,55.0,57.6
