label,start,stop
male,0.1,2.3449999999999998
female,2.3449999999999998,10.8
male,10.8,14.545
female,14.545,17.545
male,17.545,19.2
male,19.3,33.6
male,33.7,34.8
male,34.9,37.4
male,38.2,39.1
female,40.0,45.245000000000005
male,45.245000000000005,49.745000000000005
female,49.745000000000005,52.745000000000005
male,52.745000000000005,54.5
female,55.0,56.1
male,56.9,60.644999999999996
female,60.644999999999996,62.1
