label,start,stop
female,0.1,1.4
female,2.6,19.845
male,19.845,22.845
female,22.845,31.845000000000002
male,31.845000000000002,33.345
female,33.345,55.1
