label,start,stop
female,0.1,2.3449999999999998
male,2.3449999999999998,7.4
female,9.2,30.945
male,30.945,32.1
female,32.3,42.045
male,42.045,46.8
female,48.0,52.4
male,52.6,53.1
female,54.1,61.1
