label,start,stop
male,2.7,3.1
male,5.4,7.5
male,10.1,11.7
male,12.0,15.745
female,15.745,18.744999999999997
male,18.744999999999997,21.2
male,21.8,25.545
female,25.545,33.0
female,34.5,44.245000000000005
male,44.245000000000005,52.3
female,53.3,60.5
