label,start,stop
female,0.0,12.745000000000001
male,12.745000000000001,14.3
male,16.7,17.5
female,18.8,26.7
female,27.4,35.6
female,35.8,47.3
male,47.6,48.4
