label,start,stop
male,0.1,6.845
female,6.845,11.344999999999999
male,11.344999999999999,17.345
female,17.345,32.345
male,32.345,42.845
female,42.845,51.845
male,51.845,53.345
female,53.345,56.345
male,56.345,61.3
