label,start,stop
male,0.3,7.045
female,7.045,13.045
male,13.045,19.6
male,25.1,26.0
male,34.7,40.8
female,41.0,43.245000000000005
male,43.245000000000005,46.245000000000005
female,46.245000000000005,49.7
male,50.0,55.245000000000005
female,55.245000000000005,56.745000000000005
male,56.745000000000005,61.3
