label,start,stop
female,0.5,2.4
female,3.1,4.5
female,4.8,8.2
female,12.9,15.145
male,15.145,19.5
male,19.6,20.4
male,20.8,22.6
male,22.9,41.644999999999996
female,41.644999999999996,47.8
male,59.3,60.4
