label,start,stop
female,0.0,1.1
male,1.4,2.9
female,3.2,5.7
female,6.0,8.8
female,9.4,12.2
male,12.8,13.3
female,13.5,15.0
male,15.5,17.744999999999997
female,17.744999999999997,19.4
female,19.8,23.3
male,25.2,26.1
male,30.2,30.9
male,31.2,31.6
female,32.1,34.5
female,34.9,36.6
female,36.9,37.8
female,38.1,39.4
male,39.8,40.3
female,42.4,43.9
female,44.1,48.9
female,49.5,52.3
female,53.2,57.6
female,58.9,60.6
female,61.6,62.0
