start,stop,label
0.0,10.418088737201366,speech
10.418088737201366,10.656996587030717,nonspeech
10.656996587030717,60.032,speech
