start,stop,label
0.0,45.53754266211604,speech
45.53754266211604,60.011,nonspeech
