start,stop,label
0.0,19.85494880546075,speech
19.85494880546075,30.281569965870307,nonspeech
30.281569965870307,42.636518771331055,speech
42.636518771331055,50.45221843003414,nonspeech
50.45221843003414,52.22696245733789,speech
52.22696245733789,59.616040955631405,nonspeech
59.616040955631405,60.032,speech
