start,stop,label
0.0,29.479522184300343,nonspeech
29.479522184300343,35.94709897610922,speech
35.94709897610922,40.94709897610922,nonspeech
40.94709897610922,49.25767918088738,speech
49.25767918088738,52.67064846416382,nonspeech
52.67064846416382,54.05290102389078,speech
54.05290102389078,60.011,nonspeech
