start,stop,label
0.0,1.680887372013652,nonspeech
1.680887372013652,9.564846416382252,speech
9.564846416382252,33.69453924914676,nonspeech
33.69453924914676,44.12116040955631,speech
44.12116040955631,53.50682593856655,nonspeech
53.50682593856655,60.032,speech
