start,stop,label
0.0,47.773037542662124,nonspeech
47.773037542662124,50.07679180887372,speech
50.07679180887372,60.011,nonspeech
