start,stop,label
0.0,2.34641638225256,nonspeech
2.34641638225256,8.558020477815699,speech
8.558020477815699,9.940273037542662,nonspeech
9.940273037542662,13.302047781569966,speech
13.302047781569966,27.977815699658702,nonspeech
27.977815699658702,60.011,speech
