start,stop,label
0.0,16.851535836177476,nonspeech
16.851535836177476,32.534129692832764,speech
32.534129692832764,35.14505119453925,nonspeech
35.14505119453925,50.503412969283275,speech
50.503412969283275,54.92320819112628,nonspeech
54.92320819112628,60.032,speech
