start,stop,label
0.0,28.831058020477816,nonspeech
28.831058020477816,33.45563139931741,speech
33.45563139931741,60.011,nonspeech
