start,stop,label
0.0,14.786689419795222,nonspeech
14.786689419795222,16.561433447098977,speech
16.561433447098977,36.015358361774744,nonspeech
36.015358361774744,37.09044368600682,speech
37.09044368600682,43.472696245733786,nonspeech
43.472696245733786,46.20307167235495,speech
46.20307167235495,60.032,nonspeech
