start,stop,label
0.0,23.77986348122867,speech
23.77986348122867,24.206484641638227,nonspeech
24.206484641638227,54.889078498293514,speech
54.889078498293514,56.18600682593856,nonspeech
56.18600682593856,59.63310580204778,speech
59.63310580204778,60.011,nonspeech
