start,stop,label
0.0,2.7730375426621166,speech
2.7730375426621166,60.011,nonspeech
