start,stop,label
0.0,37.261092150170654,speech
37.261092150170654,39.32593856655291,nonspeech
39.32593856655291,60.011,speech
