start,stop,label
0.0,7.3805460750853245,nonspeech
7.3805460750853245,10.520477815699659,speech
10.520477815699659,17.05631399317406,nonspeech
17.05631399317406,19.308873720136518,speech
19.308873720136518,21.13481228668942,nonspeech
21.13481228668942,23.62627986348123,speech
23.62627986348123,32.773037542662124,nonspeech
32.773037542662124,35.33276450511946,speech
35.33276450511946,44.001706484641645,nonspeech
44.001706484641645,60.032,speech
