start,stop,label
0.0,0.9982935153583619,speech
0.9982935153583619,7.329351535836177,nonspeech
7.329351535836177,10.656996587030717,speech
10.656996587030717,16.28839590443686,nonspeech
16.28839590443686,17.773037542662117,speech
17.773037542662117,27.124573378839592,nonspeech
27.124573378839592,41.851535836177476,speech
41.851535836177476,47.27815699658703,nonspeech
47.27815699658703,49.03583617747441,speech
49.03583617747441,57.07337883959045,nonspeech
57.07337883959045,60.011,speech
