start,stop,label
0.0,0.6228668941979523,speech
0.6228668941979523,0.8276450511945392,nonspeech
0.8276450511945392,60.032,speech
