start,stop,label
0.0,49.70136518771331,nonspeech
49.70136518771331,60.032,speech
