start,stop,label
0.0,25.9641638225256,nonspeech
25.9641638225256,28.387372013651877,speech
28.387372013651877,41.08361774744027,nonspeech
41.08361774744027,42.70477815699658,speech
42.70477815699658,43.72866894197952,nonspeech
43.72866894197952,44.80375426621161,speech
44.80375426621161,47.72184300341297,nonspeech
47.72184300341297,49.58191126279864,speech
49.58191126279864,60.011,nonspeech
