start,stop,label
0.0,13.455631399317406,speech
13.455631399317406,15.486348122866895,nonspeech
15.486348122866895,25.076791808873722,speech
25.076791808873722,25.52047781569966,nonspeech
25.52047781569966,35.94709897610922,speech
35.94709897610922,36.18600682593856,nonspeech
36.18600682593856,60.032,speech
