start,stop,label
0.0,21.27133105802048,speech
21.27133105802048,23.694539249146757,nonspeech
23.694539249146757,50.281569965870304,speech
50.281569965870304,51.04948805460751,nonspeech
51.04948805460751,52.90955631399318,speech
52.90955631399318,54.718430034129696,nonspeech
54.718430034129696,60.011,speech
