start,stop,label
0.0,15.947098976109215,nonspeech
15.947098976109215,19.667235494880547,speech
19.667235494880547,21.032423208191126,nonspeech
21.032423208191126,39.34300341296928,speech
39.34300341296928,39.97440273037543,nonspeech
39.97440273037543,44.03583617747441,speech
44.03583617747441,44.73549488054607,nonspeech
44.73549488054607,54.29180887372014,speech
54.29180887372014,54.46245733788396,nonspeech
54.46245733788396,60.032,speech
