start,stop,label
0.0,12.19283276450512,nonspeech
12.19283276450512,15.349829351535837,speech
15.349829351535837,21.305460750853243,nonspeech
21.305460750853243,29.889078498293514,speech
29.889078498293514,35.45221843003414,nonspeech
35.45221843003414,54.24061433447099,speech
54.24061433447099,60.032,nonspeech
