start,stop,label
0.0,14.411262798634812,nonspeech
14.411262798634812,16.35665529010239,speech
16.35665529010239,17.312286689419796,nonspeech
17.312286689419796,28.609215017064848,speech
28.609215017064848,29.99146757679181,nonspeech
29.99146757679181,45.5716723549488,speech
45.5716723549488,60.032,nonspeech
