start,stop,label
0.0,11.441979522184301,speech
11.441979522184301,11.715017064846416,nonspeech
11.715017064846416,22.619453924914676,speech
22.619453924914676,22.909556313993175,nonspeech
22.909556313993175,60.032,speech
