start,stop,label
0.0,34.53071672354949,speech
34.53071672354949,35.26450511945393,nonspeech
35.26450511945393,58.711604095563146,speech
58.711604095563146,60.011,nonspeech
