start,stop,label
0.0,11.595563139931741,speech
11.595563139931741,11.834470989761092,nonspeech
11.834470989761092,37.29522184300342,speech
37.29522184300342,38.11433447098976,nonspeech
38.11433447098976,60.011,speech
