start,stop,label
0.0,45.93003412969283,speech
45.93003412969283,46.80034129692832,nonspeech
46.80034129692832,52.17576791808874,speech
52.17576791808874,60.032,nonspeech
