start,stop,label
0.0,28.77986348122867,nonspeech
28.77986348122867,33.029010238907844,speech
33.029010238907844,33.31911262798634,nonspeech
33.31911262798634,34.479522184300336,speech
34.479522184300336,60.011,nonspeech
