start,stop,label
0.0,6.203071672354949,speech
6.203071672354949,11.51023890784983,nonspeech
11.51023890784983,17.755972696245735,speech
17.755972696245735,18.284982935153582,nonspeech
18.284982935153582,29.76962457337884,speech
29.76962457337884,38.882252559726965,nonspeech
38.882252559726965,60.032,speech
