start,stop,label
0.0,2.9607508532423212,speech
2.9607508532423212,13.677474402730375,nonspeech
13.677474402730375,17.073378839590443,speech
17.073378839590443,28.93344709897611,nonspeech
28.93344709897611,32.39761092150171,speech
32.39761092150171,36.629692832764505,nonspeech
36.629692832764505,37.875426621160415,speech
37.875426621160415,38.250853242320815,nonspeech
38.250853242320815,39.001706484641645,speech
39.001706484641645,60.032,nonspeech
