start,stop,label
0.0,12.295221843003413,speech
12.295221843003413,14.633105802047782,nonspeech
14.633105802047782,17.34641638225256,speech
17.34641638225256,28.728668941979524,nonspeech
28.728668941979524,32.00511945392492,speech
32.00511945392492,57.022184300341294,nonspeech
57.022184300341294,60.011,speech
