start,stop,label
0.0,9.46245733788396,speech
9.46245733788396,9.564846416382252,nonspeech
9.564846416382252,16.168941979522184,speech
16.168941979522184,16.544368600682596,nonspeech
16.544368600682596,22.022184300341298,speech
22.022184300341298,22.85836177474403,nonspeech
22.85836177474403,50.55460750853243,speech
50.55460750853243,51.407849829351534,nonspeech
51.407849829351534,60.032,speech
