start,stop,label
0.0,35.503412969283275,nonspeech
35.503412969283275,40.75938566552901,speech
40.75938566552901,55.75938566552901,nonspeech
55.75938566552901,60.011,speech
