start,stop,label
0.0,9.820819112627987,speech
9.820819112627987,11.220136518771332,nonspeech
11.220136518771332,49.85494880546075,speech
49.85494880546075,52.346416382252556,nonspeech
52.346416382252556,52.7901023890785,speech
52.7901023890785,54.155290102389074,nonspeech
54.155290102389074,60.011,speech
