start,stop,label
0.0,22.397610921501705,speech
22.397610921501705,26.59556313993174,nonspeech
26.59556313993174,31.168941979522184,speech
31.168941979522184,32.141638225255974,nonspeech
32.141638225255974,60.032,speech
