start,stop,label
0.0,47.755972696245735,speech
47.755972696245735,48.148464163822524,nonspeech
48.148464163822524,60.011,speech
