start,stop,label
0.0,43.83105802047781,speech
43.83105802047781,43.95051194539249,nonspeech
43.95051194539249,60.011,speech
