start,stop,label
0.0,2.6023890784982937,nonspeech
2.6023890784982937,46.851535836177476,speech
46.851535836177476,46.95392491467577,nonspeech
46.95392491467577,53.148464163822524,speech
53.148464163822524,54.25767918088738,nonspeech
54.25767918088738,60.011,speech
