start,stop,label
0.0,0.9982935153583619,speech
0.9982935153583619,20.9641638225256,nonspeech
20.9641638225256,21.680887372013654,speech
21.680887372013654,58.370307167235495,nonspeech
58.370307167235495,60.011,speech
