start,stop,label
0.0,8.063139931740615,speech
8.063139931740615,8.250853242320819,nonspeech
8.250853242320819,27.55119453924915,speech
27.55119453924915,27.7901023890785,nonspeech
27.7901023890785,53.8481228668942,speech
53.8481228668942,54.82081911262799,nonspeech
54.82081911262799,60.032,speech
