start,stop,label
0.0,37.534129692832764,nonspeech
37.534129692832764,41.47610921501706,speech
41.47610921501706,42.363481228668945,nonspeech
42.363481228668945,44.9061433447099,speech
44.9061433447099,46.49317406143345,nonspeech
46.49317406143345,53.097269624573386,speech
53.097269624573386,53.95051194539249,nonspeech
53.95051194539249,60.032,speech
