start,stop,label
0.0,50.91296928327645,speech
50.91296928327645,60.011,nonspeech
