start,stop,label
0.0,43.91638225255973,speech
43.91638225255973,44.18941979522184,nonspeech
44.18941979522184,60.032,speech
