start,stop,label
0.0,2.9266211604095567,nonspeech
2.9266211604095567,7.8583617747440275,speech
7.8583617747440275,15.912969283276452,nonspeech
15.912969283276452,18.91638225255973,speech
18.91638225255973,60.032,nonspeech
