start,stop,label
0.0,1.4931740614334472,nonspeech
1.4931740614334472,10.554607508532424,speech
10.554607508532424,29.08703071672355,nonspeech
29.08703071672355,36.04948805460751,speech
36.04948805460751,46.868600682593865,nonspeech
46.868600682593865,50.964163822525606,speech
50.964163822525606,60.011,nonspeech
