start,stop,label
0.0,21.697952218430036,speech
21.697952218430036,26.663822525597272,nonspeech
26.663822525597272,36.4419795221843,speech
36.4419795221843,36.98805460750853,nonspeech
36.98805460750853,59.968,speech
