start,stop,label
0.0,12.704778156996587,speech
12.704778156996587,14.206484641638225,nonspeech
14.206484641638225,21.27133105802048,speech
21.27133105802048,24.018771331058023,nonspeech
24.018771331058023,24.85494880546075,speech
24.85494880546075,25.793515358361777,nonspeech
25.793515358361777,58.19965870307168,speech
58.19965870307168,59.1382252559727,nonspeech
59.1382252559727,59.41126279863481,speech
59.41126279863481,60.011,nonspeech
