start,stop,label
0.0,11.220136518771332,nonspeech
11.220136518771332,13.540955631399317,speech
13.540955631399317,16.032423208191126,nonspeech
16.032423208191126,17.534129692832764,speech
17.534129692832764,21.561433447098977,nonspeech
21.561433447098977,22.380546075085324,speech
22.380546075085324,60.011,nonspeech
