start,stop,label
0.0,4.684300341296928,speech
4.684300341296928,7.994880546075086,nonspeech
7.994880546075086,17.755972696245735,speech
17.755972696245735,21.953924914675767,nonspeech
21.953924914675767,39.889078498293514,speech
39.889078498293514,45.96416382252559,nonspeech
45.96416382252559,51.919795221843,speech
51.919795221843,58.19965870307168,nonspeech
58.19965870307168,60.032,speech
