start,stop,label
0.0,6.13481228668942,speech
6.13481228668942,10.162116040955631,nonspeech
10.162116040955631,10.878839590443686,speech
10.878839590443686,33.592150170648466,nonspeech
33.592150170648466,35.725255972696246,speech
35.725255972696246,60.011,nonspeech
