start,stop,label
0.0,16.27133105802048,speech
16.27133105802048,16.57849829351536,nonspeech
16.57849829351536,18.540955631399317,speech
18.540955631399317,18.694539249146757,nonspeech
18.694539249146757,20.042662116040955,speech
20.042662116040955,20.230375426621162,nonspeech
20.230375426621162,60.032,speech
