start,stop,label
0.0,10.520477815699659,speech
10.520477815699659,11.800341296928329,nonspeech
11.800341296928329,60.011,speech
