start,stop,label
0.0,56.80034129692832,nonspeech
56.80034129692832,57.96075085324232,speech
57.96075085324232,60.011,nonspeech
