start,stop,label
0.0,19.001706484641637,speech
19.001706484641637,20.383959044368602,nonspeech
20.383959044368602,59.20648464163823,speech
59.20648464163823,59.68430034129693,nonspeech
59.68430034129693,60.011,speech
