start,stop,label
0.0,36.134812286689424,nonspeech
36.134812286689424,41.117747440273035,speech
41.117747440273035,42.19283276450513,nonspeech
42.19283276450513,43.33617747440273,speech
43.33617747440273,45.02559726962457,nonspeech
45.02559726962457,50.008532423208194,speech
50.008532423208194,51.61262798634813,nonspeech
51.61262798634813,60.032,speech
