start,stop,label
0.0,18.950511945392492,speech
18.950511945392492,20.076791808873722,nonspeech
20.076791808873722,60.032,speech
