start,stop,label
0.0,4.223549488054608,speech
4.223549488054608,5.196245733788396,nonspeech
5.196245733788396,60.011,speech
