start,stop,label
0.0,0.5887372013651877,nonspeech
0.5887372013651877,1.9368600682593857,speech
1.9368600682593857,6.544368600682594,nonspeech
6.544368600682594,22.2098976109215,speech
22.2098976109215,28.080204778156997,nonspeech
28.080204778156997,33.472696245733786,speech
33.472696245733786,37.43174061433447,nonspeech
37.43174061433447,40.725255972696246,speech
40.725255972696246,44.394197952218434,nonspeech
44.394197952218434,60.011,speech
