start,stop,label
0.0,29.22354948805461,speech
29.22354948805461,30.264505119453926,nonspeech
30.264505119453926,32.244027303754265,speech
32.244027303754265,49.32593856655291,nonspeech
49.32593856655291,60.011,speech
