start,stop,label
0.0,28.93344709897611,nonspeech
28.93344709897611,51.4419795221843,speech
51.4419795221843,52.346416382252556,nonspeech
52.346416382252556,54.82081911262799,speech
54.82081911262799,58.148464163822524,nonspeech
58.148464163822524,59.20648464163823,speech
59.20648464163823,59.58191126279864,nonspeech
59.58191126279864,60.520477815699664,speech
60.520477815699664,61.134812286689424,nonspeech
61.134812286689424,61.568,speech
