start,stop,label
0.0,3.6604095563139936,nonspeech
3.6604095563139936,6.220136518771331,speech
6.220136518771331,11.988054607508532,nonspeech
11.988054607508532,13.489761092150172,speech
13.489761092150172,14.54778156996587,nonspeech
14.54778156996587,19.001706484641637,speech
19.001706484641637,53.19965870307168,nonspeech
53.19965870307168,56.134812286689424,speech
56.134812286689424,60.736,nonspeech
