start,stop,label
0.0,1.6638225255972696,nonspeech
1.6638225255972696,9.223549488054609,speech
9.223549488054609,10.622866894197953,nonspeech
10.622866894197953,22.909556313993175,speech
22.909556313993175,26.7320819112628,nonspeech
26.7320819112628,49.1382252559727,speech
49.1382252559727,51.20307167235495,nonspeech
51.20307167235495,61.013,speech
