start,stop,label
0.0,26.851535836177476,speech
26.851535836177476,27.226962457337883,nonspeech
27.226962457337883,43.882252559726965,speech
43.882252559726965,44.63310580204778,nonspeech
44.63310580204778,56.90273037542663,speech
56.90273037542663,58.148464163822524,nonspeech
58.148464163822524,59.991467576791806,speech
59.991467576791806,60.58873720136519,nonspeech
60.58873720136519,61.141,speech
