start,stop,label
0.0,38.52389078498294,speech
38.52389078498294,39.155290102389074,nonspeech
39.155290102389074,61.931,speech
