start,stop,label
0.0,48.43856655290102,speech
48.43856655290102,49.496587030716725,nonspeech
49.496587030716725,60.736,speech
