start,stop,label
0.0,1.1518771331058022,speech
1.1518771331058022,1.3566552901023892,nonspeech
1.3566552901023892,5.298634812286689,speech
5.298634812286689,5.401023890784983,nonspeech
5.401023890784983,11.254266211604095,speech
11.254266211604095,11.373720136518772,nonspeech
11.373720136518772,43.45563139931741,speech
43.45563139931741,44.20648464163823,nonspeech
44.20648464163823,51.356655290102395,speech
51.356655290102395,53.06313993174062,nonspeech
53.06313993174062,61.653,speech
