start,stop,label
0.0,1.28839590443686,nonspeech
1.28839590443686,11.7320819112628,speech
11.7320819112628,13.882252559726963,nonspeech
13.882252559726963,61.291,speech
