start,stop,label
0.0,1.5102389078498295,speech
1.5102389078498295,1.8003412969283277,nonspeech
1.8003412969283277,18.57508532423208,speech
18.57508532423208,19.564846416382252,nonspeech
19.564846416382252,31.049488054607508,speech
31.049488054607508,33.8481228668942,nonspeech
33.8481228668942,57.977815699658706,speech
57.977815699658706,60.267,nonspeech
