start,stop,label
0.0,4.377133105802048,speech
4.377133105802048,5.674061433447099,nonspeech
5.674061433447099,16.032423208191126,speech
16.032423208191126,16.612627986348123,nonspeech
16.612627986348123,21.970989761092152,speech
21.970989761092152,23.01194539249147,nonspeech
23.01194539249147,39.32593856655291,speech
39.32593856655291,43.387372013651884,nonspeech
43.387372013651884,47.2098976109215,speech
47.2098976109215,50.94709897610922,nonspeech
50.94709897610922,60.757,speech
