start,stop,label
0.0,24.735494880546074,speech
24.735494880546074,26.049488054607508,nonspeech
26.049488054607508,50.26450511945393,speech
50.26450511945393,51.39078498293516,nonspeech
51.39078498293516,61.952,speech
