start,stop,label
0.0,13.93344709897611,speech
13.93344709897611,14.15529010238908,nonspeech
14.15529010238908,44.12116040955631,speech
44.12116040955631,44.889078498293514,nonspeech
44.889078498293514,51.117747440273035,speech
51.117747440273035,51.49317406143345,nonspeech
51.49317406143345,60.181,speech
