start,stop,label
0.0,22.56825938566553,nonspeech
22.56825938566553,23.967576791808874,speech
23.967576791808874,35.93003412969283,nonspeech
35.93003412969283,38.080204778157,speech
38.080204778157,42.55119453924915,nonspeech
42.55119453924915,43.06313993174062,speech
43.06313993174062,46.71501706484642,nonspeech
46.71501706484642,47.875426621160415,speech
47.875426621160415,61.141,nonspeech
