start,stop,label
0.0,6.919795221843003,nonspeech
6.919795221843003,16.851535836177476,speech
16.851535836177476,18.046075085324233,nonspeech
18.046075085324233,23.01194539249147,speech
23.01194539249147,23.796928327645052,nonspeech
23.796928327645052,24.735494880546074,speech
24.735494880546074,39.598976109215016,nonspeech
39.598976109215016,46.919795221843,speech
46.919795221843,47.534129692832764,nonspeech
47.534129692832764,61.269,speech
