start,stop,label
0.0,53.711604095563146,speech
53.711604095563146,54.44539249146757,nonspeech
54.44539249146757,55.622866894197955,speech
55.622866894197955,55.895904436860064,nonspeech
55.895904436860064,60.736,speech
