start,stop,label
0.0,1.424914675767918,speech
1.424914675767918,2.0392491467576797,nonspeech
2.0392491467576797,4.428327645051194,speech
4.428327645051194,11.186006825938566,nonspeech
11.186006825938566,27.534129692832764,speech
27.534129692832764,27.80716723549488,nonspeech
27.80716723549488,61.568,speech
