start,stop,label
0.0,46.98805460750853,speech
46.98805460750853,47.09044368600682,nonspeech
47.09044368600682,54.274744027303754,speech
54.274744027303754,55.98122866894198,nonspeech
55.98122866894198,59.616040955631405,speech
59.616040955631405,59.9061433447099,nonspeech
59.9061433447099,61.141,speech
