start,stop,label
0.0,2.892491467576792,speech
2.892491467576792,5.878839590443686,nonspeech
5.878839590443686,8.046075085324231,speech
8.046075085324231,8.353242320819113,nonspeech
8.353242320819113,22.465870307167236,speech
22.465870307167236,22.70477815699659,nonspeech
22.70477815699659,32.92662116040955,speech
32.92662116040955,33.96757679180888,nonspeech
33.96757679180888,57.653583617747444,speech
57.653583617747444,58.50682593856655,nonspeech
58.50682593856655,60.373,speech
