start,stop,label
0.0,10.247440273037542,speech
10.247440273037542,11.117747440273037,nonspeech
11.117747440273037,29.37713310580205,speech
29.37713310580205,29.92320819112628,nonspeech
29.92320819112628,53.31911262798636,speech
53.31911262798636,54.20648464163823,nonspeech
54.20648464163823,56.03242320819113,speech
56.03242320819113,56.37372013651877,nonspeech
56.37372013651877,56.95392491467577,speech
56.95392491467577,57.68771331058021,nonspeech
57.68771331058021,61.931,speech
