start,stop,label
0.0,0.8105802047781571,nonspeech
0.8105802047781571,18.967576791808874,speech
18.967576791808874,24.70136518771331,nonspeech
24.70136518771331,30.861774744027304,speech
30.861774744027304,38.370307167235495,nonspeech
38.370307167235495,60.693,speech
