start,stop,label
0.0,9.718430034129693,speech
9.718430034129693,10.793515358361775,nonspeech
10.793515358361775,17.278156996587033,speech
17.278156996587033,18.796928327645052,nonspeech
18.796928327645052,38.11433447098976,speech
38.11433447098976,38.45563139931741,nonspeech
38.45563139931741,42.31228668941979,speech
42.31228668941979,42.70477815699658,nonspeech
42.70477815699658,54.75255972696246,speech
54.75255972696246,54.94027303754267,nonspeech
54.94027303754267,60.992,speech
