start,stop,label
0.0,0.9129692832764505,speech
0.9129692832764505,2.568259385665529,nonspeech
2.568259385665529,18.16552901023891,speech
18.16552901023891,19.325938566552903,nonspeech
19.325938566552903,25.486348122866897,speech
25.486348122866897,25.947098976109217,nonspeech
25.947098976109217,60.693,speech
