start,stop,label
0.0,50.1962457337884,speech
50.1962457337884,51.1518771331058,nonspeech
51.1518771331058,60.501,speech
