start,stop,label
0.0,50.67406143344711,speech
50.67406143344711,51.970989761092156,nonspeech
51.970989761092156,60.971,speech
