start,stop,label
0.0,1.7150170648464165,nonspeech
1.7150170648464165,47.38054607508532,speech
47.38054607508532,49.44539249146757,nonspeech
49.44539249146757,50.21331058020478,speech
50.21331058020478,50.87883959044369,nonspeech
50.87883959044369,51.76621160409556,speech
51.76621160409556,52.22696245733789,nonspeech
52.22696245733789,53.23378839590444,speech
53.23378839590444,62.016,nonspeech
