start,stop,label
0.0,22.41467576791809,speech
22.41467576791809,22.619453924914676,nonspeech
22.619453924914676,60.181,speech
