start,stop,label
0.0,21.834470989761094,speech
21.834470989761094,23.02901023890785,nonspeech
23.02901023890785,61.973,speech
