start,stop,label
0.0,23.831058020477816,speech
23.831058020477816,26.4419795221843,nonspeech
26.4419795221843,41.10068259385666,speech
41.10068259385666,42.363481228668945,nonspeech
42.363481228668945,48.67747440273038,speech
48.67747440273038,49.20648464163823,nonspeech
49.20648464163823,55.02559726962457,speech
55.02559726962457,55.38395904436861,nonspeech
55.38395904436861,60.416,speech
