start,stop,label
0.0,16.561433447098977,speech
16.561433447098977,18.16552901023891,nonspeech
18.16552901023891,35.55460750853243,speech
35.55460750853243,35.895904436860064,nonspeech
35.895904436860064,40.65699658703072,speech
40.65699658703072,41.10068259385666,nonspeech
41.10068259385666,50.94709897610922,speech
50.94709897610922,51.47610921501706,nonspeech
51.47610921501706,61.696,speech
