start,stop,label
0.0,21.527303754266214,nonspeech
21.527303754266214,44.20648464163823,speech
44.20648464163823,60.203,nonspeech
