start,stop,label
0.0,10.332764505119455,speech
10.332764505119455,12.295221843003413,nonspeech
12.295221843003413,18.57508532423208,speech
18.57508532423208,19.718430034129693,nonspeech
19.718430034129693,20.742320819112628,speech
20.742320819112628,21.339590443686006,nonspeech
21.339590443686006,22.70477815699659,speech
22.70477815699659,22.824232081911262,nonspeech
22.824232081911262,45.93003412969283,speech
45.93003412969283,47.465870307167236,nonspeech
47.465870307167236,60.949,speech
