start,stop,label
0.0,9.889078498293516,speech
9.889078498293516,10.622866894197953,nonspeech
10.622866894197953,31.527303754266214,speech
31.527303754266214,31.697952218430036,nonspeech
31.697952218430036,33.04607508532423,speech
33.04607508532423,34.616040955631405,nonspeech
34.616040955631405,41.76621160409556,speech
41.76621160409556,46.578498293515366,nonspeech
46.578498293515366,57.653583617747444,speech
57.653583617747444,61.66382252559727,nonspeech
61.66382252559727,61.845,speech
