start,stop,label
0.0,15.656996587030717,speech
15.656996587030717,16.59556313993174,nonspeech
16.59556313993174,18.16552901023891,speech
18.16552901023891,18.5580204778157,nonspeech
18.5580204778157,19.650170648464165,speech
19.650170648464165,19.83788395904437,nonspeech
19.83788395904437,61.931,speech
