start,stop,label
0.0,16.953924914675767,speech
16.953924914675767,17.482935153583618,nonspeech
17.482935153583618,37.534129692832764,speech
37.534129692832764,39.991467576791806,nonspeech
39.991467576791806,56.20307167235495,speech
56.20307167235495,56.98805460750853,nonspeech
56.98805460750853,62.08,speech
