start,stop,label
0.0,11.629692832764505,speech
11.629692832764505,12.107508532423209,nonspeech
12.107508532423209,27.63651877133106,speech
27.63651877133106,29.9061433447099,nonspeech
29.9061433447099,35.0938566552901,speech
35.0938566552901,35.4863481228669,nonspeech
35.4863481228669,43.660409556313994,speech
43.660409556313994,45.36689419795222,nonspeech
45.36689419795222,61.504,speech
