start,stop,label
0.0,9.564846416382252,nonspeech
9.564846416382252,22.022184300341298,speech
22.022184300341298,22.7901023890785,nonspeech
22.7901023890785,27.909556313993175,speech
27.909556313993175,30.486348122866897,nonspeech
30.486348122866897,55.17918088737201,speech
55.17918088737201,55.401023890784984,nonspeech
55.401023890784984,59.9061433447099,speech
59.9061433447099,60.17918088737201,nonspeech
60.17918088737201,60.416,speech
