start,stop,label
0.0,0.3156996587030717,nonspeech
0.3156996587030717,32.5,speech
32.5,33.06313993174062,nonspeech
33.06313993174062,61.312,speech
