start,stop,label
0.0,27.431740614334473,nonspeech
27.431740614334473,28.148464163822528,speech
28.148464163822528,30.82764505119454,nonspeech
30.82764505119454,32.755972696245735,speech
32.755972696245735,36.22013651877133,nonspeech
36.22013651877133,40.05972696245733,speech
40.05972696245733,45.79351535836177,nonspeech
45.79351535836177,52.80716723549489,speech
52.80716723549489,61.227,nonspeech
