start,stop,label
0.0,20.110921501706486,speech
20.110921501706486,52.70477815699658,nonspeech
52.70477815699658,57.89249146757679,speech
57.89249146757679,60.971,nonspeech
