start,stop,label
0.0,1.4078498293515358,speech
1.4078498293515358,2.431740614334471,nonspeech
2.431740614334471,4.684300341296928,speech
4.684300341296928,38.984641638225256,nonspeech
38.984641638225256,43.097269624573386,speech
43.097269624573386,43.489761092150175,nonspeech
43.489761092150175,48.592150170648466,speech
48.592150170648466,49.394197952218434,nonspeech
49.394197952218434,59.20648464163823,speech
59.20648464163823,60.288,nonspeech
