start,stop,label
0.0,2.738907849829352,speech
2.738907849829352,2.909556313993174,nonspeech
2.909556313993174,17.073378839590443,speech
17.073378839590443,18.387372013651877,nonspeech
18.387372013651877,19.206484641638227,speech
19.206484641638227,20.05972696245734,nonspeech
20.05972696245734,57.96075085324232,speech
57.96075085324232,58.96757679180888,nonspeech
58.96757679180888,61.568,speech
