start,stop,label
0.0,5.6058020477815695,nonspeech
5.6058020477815695,45.622866894197955,speech
45.622866894197955,46.68088737201366,nonspeech
46.68088737201366,57.141638225255974,speech
57.141638225255974,60.5716723549488,nonspeech
60.5716723549488,61.909,speech
