start,stop,label
0.0,7.551194539249146,nonspeech
7.551194539249146,12.56825938566553,speech
12.56825938566553,17.5,nonspeech
17.5,46.95392491467577,speech
46.95392491467577,61.525,nonspeech
