start,stop,label
0.0,15.281569965870307,speech
15.281569965870307,16.59556313993174,nonspeech
16.59556313993174,30.21331058020478,speech
30.21331058020478,30.998293515358363,nonspeech
30.998293515358363,33.5580204778157,speech
33.5580204778157,34.25767918088738,nonspeech
34.25767918088738,35.24744027303754,speech
35.24744027303754,36.42491467576792,nonspeech
36.42491467576792,54.41126279863481,speech
54.41126279863481,55.33276450511946,nonspeech
55.33276450511946,61.099,speech
