start,stop,label
0.0,7.80716723549488,speech
7.80716723549488,8.216723549488055,nonspeech
8.216723549488055,13.319112627986348,speech
13.319112627986348,15.418088737201366,nonspeech
15.418088737201366,49.9061433447099,speech
49.9061433447099,50.91296928327645,nonspeech
50.91296928327645,60.459,speech
