start,stop,label
0.0,37.2098976109215,speech
37.2098976109215,37.61945392491468,nonspeech
37.61945392491468,60.416,speech
