start,stop,label
0.0,14.24061433447099,speech
14.24061433447099,46.76621160409556,nonspeech
46.76621160409556,56.95392491467577,speech
56.95392491467577,61.696,nonspeech
