start,stop,label
0.0,58.01194539249147,speech
58.01194539249147,58.592150170648466,nonspeech
58.592150170648466,60.907,speech
