start,stop,label
0.0,11.697952218430034,speech
11.697952218430034,12.056313993174061,nonspeech
12.056313993174061,61.568,speech
