start,stop,label
0.0,5.486348122866894,speech
5.486348122866894,44.87201365187714,nonspeech
44.87201365187714,52.92662116040955,speech
52.92662116040955,55.31569965870307,nonspeech
55.31569965870307,61.504,speech
