start,stop,label
0.0,4.206484641638225,speech
4.206484641638225,15.588737201365188,nonspeech
15.588737201365188,26.715017064846418,speech
26.715017064846418,27.226962457337883,nonspeech
27.226962457337883,45.67406143344709,speech
45.67406143344709,49.24061433447099,nonspeech
49.24061433447099,54.9061433447099,speech
54.9061433447099,60.971,nonspeech
