start,stop,label
0.0,6.1689419795221845,speech
6.1689419795221845,17.36348122866894,nonspeech
17.36348122866894,21.74914675767918,speech
21.74914675767918,39.70136518771331,nonspeech
39.70136518771331,42.363481228668945,speech
42.363481228668945,43.81399317406144,nonspeech
43.81399317406144,45.17918088737201,speech
45.17918088737201,61.419,nonspeech
