start,stop,label
0.0,49.17235494880546,speech
49.17235494880546,50.53754266211604,nonspeech
50.53754266211604,61.141,speech
