start,stop,label
0.0,4.428327645051194,speech
4.428327645051194,5.861774744027303,nonspeech
5.861774744027303,18.11433447098976,speech
18.11433447098976,18.57508532423208,nonspeech
18.57508532423208,28.523890784982935,speech
28.523890784982935,29.581911262798634,nonspeech
29.581911262798634,45.38395904436861,speech
45.38395904436861,45.742320819112635,nonspeech
45.742320819112635,60.99829351535837,speech
60.99829351535837,61.099,nonspeech
