start,stop,label
0.0,0.8447098976109215,nonspeech
0.8447098976109215,12.824232081911264,speech
12.824232081911264,13.404436860068259,nonspeech
13.404436860068259,22.892491467576793,speech
22.892491467576793,24.104095563139932,nonspeech
24.104095563139932,39.12116040955631,speech
39.12116040955631,39.4283276450512,nonspeech
39.4283276450512,43.72866894197952,speech
43.72866894197952,44.36006825938567,nonspeech
44.36006825938567,62.037,speech
