start,stop,label
0.0,8.71160409556314,speech
8.71160409556314,9.530716723549489,nonspeech
9.530716723549489,25.1962457337884,speech
25.1962457337884,25.52047781569966,nonspeech
25.52047781569966,50.895904436860064,speech
50.895904436860064,51.1518771331058,nonspeech
51.1518771331058,61.312,speech
