start,stop,label
0.0,14.411262798634812,speech
14.411262798634812,14.667235494880547,nonspeech
14.667235494880547,28.16552901023891,speech
28.16552901023891,28.370307167235495,nonspeech
28.370307167235495,40.26450511945393,speech
40.26450511945393,41.37372013651877,nonspeech
41.37372013651877,61.845,speech
