start,stop,label
0.0,12.619453924914676,speech
12.619453924914676,14.052901023890785,nonspeech
14.052901023890785,18.762798634812288,speech
18.762798634812288,19.291808873720136,nonspeech
19.291808873720136,38.77986348122867,speech
38.77986348122867,41.117747440273035,nonspeech
41.117747440273035,49.36006825938567,speech
49.36006825938567,51.732081911262796,nonspeech
51.732081911262796,53.96757679180888,speech
53.96757679180888,55.02559726962457,nonspeech
55.02559726962457,61.419,speech
