start,stop,label
0.0,6.100682593856655,speech
6.100682593856655,8.370307167235495,nonspeech
8.370307167235495,13.540955631399317,speech
13.540955631399317,13.984641638225256,nonspeech
13.984641638225256,61.888,speech
