start,stop,label
0.0,3.4897610921501707,nonspeech
3.4897610921501707,7.022184300341297,speech
7.022184300341297,7.5,nonspeech
7.5,8.865187713310581,speech
8.865187713310581,10.059726962457338,nonspeech
10.059726962457338,20.554607508532424,speech
20.554607508532424,61.248,nonspeech
