start,stop,label
0.0,16.186006825938566,speech
16.186006825938566,17.63651877133106,nonspeech
17.63651877133106,58.01194539249147,speech
58.01194539249147,58.660409556313994,nonspeech
58.660409556313994,61.205,speech
