start,stop,label
0.0,7.602389078498294,speech
7.602389078498294,8.421501706484642,nonspeech
8.421501706484642,14.496587030716723,speech
14.496587030716723,15.025597269624575,nonspeech
15.025597269624575,23.284982935153586,speech
23.284982935153586,24.496587030716725,nonspeech
24.496587030716725,27.687713310580204,speech
27.687713310580204,32.261092150170654,nonspeech
32.261092150170654,36.527303754266214,speech
36.527303754266214,36.646757679180894,nonspeech
36.646757679180894,61.141,speech
