start,stop,label
0.0,15.537542662116042,nonspeech
15.537542662116042,19.889078498293514,speech
19.889078498293514,26.203071672354948,nonspeech
26.203071672354948,27.278156996587033,speech
27.278156996587033,27.465870307167236,nonspeech
27.465870307167236,35.99829351535837,speech
35.99829351535837,41.868600682593865,nonspeech
41.868600682593865,44.95733788395904,speech
44.95733788395904,46.22013651877133,nonspeech
46.22013651877133,60.693,speech
