start,stop,label
0.0,6.9709897610921505,speech
6.9709897610921505,7.721843003412969,nonspeech
7.721843003412969,22.244027303754265,speech
22.244027303754265,22.585324232081913,nonspeech
22.585324232081913,33.06313993174062,speech
33.06313993174062,33.72866894197952,nonspeech
33.72866894197952,36.81740614334471,speech
36.81740614334471,37.05631399317406,nonspeech
37.05631399317406,58.609215017064855,speech
58.609215017064855,58.91638225255973,nonspeech
58.91638225255973,60.181,speech
