start,stop,label
0.0,34.718430034129696,speech
34.718430034129696,37.27815699658703,nonspeech
37.27815699658703,41.407849829351534,speech
41.407849829351534,42.5,nonspeech
42.5,51.47610921501706,speech
51.47610921501706,51.78327645051195,nonspeech
51.78327645051195,56.81740614334471,speech
56.81740614334471,58.52389078498294,nonspeech
58.52389078498294,60.864,speech
