start,stop,label
0.0,29.121160409556314,speech
29.121160409556314,29.274744027303754,nonspeech
29.274744027303754,60.565,speech
