start,stop,label
0.0,33.19965870307168,speech
33.19965870307168,33.472696245733786,nonspeech
33.472696245733786,60.288,speech
