start,stop,label
0.0,0.9982935153583619,speech
0.9982935153583619,2.9266211604095567,nonspeech
2.9266211604095567,17.534129692832764,speech
17.534129692832764,17.80716723549488,nonspeech
17.80716723549488,21.168941979522184,speech
21.168941979522184,23.2679180887372,nonspeech
23.2679180887372,30.418088737201366,speech
30.418088737201366,30.930034129692835,nonspeech
30.930034129692835,61.035,speech
