start,stop,label
0.0,18.609215017064848,speech
18.609215017064848,18.796928327645052,nonspeech
18.796928327645052,61.077,speech
