start,stop,label
0.0,24.83788395904437,speech
24.83788395904437,33.865187713310576,nonspeech
33.865187713310576,36.88566552901024,speech
36.88566552901024,38.23378839590444,nonspeech
38.23378839590444,48.31911262798634,speech
48.31911262798634,61.013,nonspeech
