start,stop,label
0.0,41.78327645051195,speech
41.78327645051195,42.141638225255974,nonspeech
42.141638225255974,61.995,speech
