start,stop,label
0.0,16.7320819112628,speech
16.7320819112628,17.05631399317406,nonspeech
17.05631399317406,19.76962457337884,speech
19.76962457337884,21.254266211604097,nonspeech
21.254266211604097,34.41126279863481,speech
34.41126279863481,37.99488054607508,nonspeech
37.99488054607508,50.742320819112635,speech
50.742320819112635,54.53071672354949,nonspeech
54.53071672354949,60.459,speech
