start,stop,label
0.0,7.568259385665529,speech
7.568259385665529,9.206484641638225,nonspeech
9.206484641638225,31.066552901023893,speech
31.066552901023893,32.346416382252556,nonspeech
32.346416382252556,41.527303754266214,speech
41.527303754266214,41.646757679180894,nonspeech
41.646757679180894,46.56143344709898,speech
46.56143344709898,47.99488054607508,nonspeech
47.99488054607508,52.56825938566553,speech
52.56825938566553,53.52389078498294,nonspeech
53.52389078498294,61.077,speech
