start,stop,label
0.0,3.1655290102389078,nonspeech
3.1655290102389078,8.063139931740615,speech
8.063139931740615,10.401023890784984,nonspeech
10.401023890784984,32.244027303754265,speech
32.244027303754265,34.616040955631405,nonspeech
34.616040955631405,42.96075085324232,speech
42.96075085324232,44.496587030716725,nonspeech
44.496587030716725,51.578498293515366,speech
51.578498293515366,53.8481228668942,nonspeech
53.8481228668942,60.501,speech
