start,stop,label
0.0,54.32593856655291,speech
54.32593856655291,61.845,nonspeech
