start,stop,label
0.0,29.940273037542664,speech
29.940273037542664,60.629,nonspeech
