start,stop,label
0.0,47.73890784982936,speech
47.73890784982936,47.94368600682594,nonspeech
47.94368600682594,60.267,speech
