start,stop,label
0.0,1.5273037542662116,nonspeech
1.5273037542662116,3.216723549488055,speech
3.216723549488055,7.175767918088737,nonspeech
7.175767918088737,21.459044368600683,speech
21.459044368600683,60.267,nonspeech
