start,stop,label
0.0,1.6638225255972696,speech
1.6638225255972696,2.005119453924915,nonspeech
2.005119453924915,14.206484641638225,speech
14.206484641638225,16.66382252559727,nonspeech
16.66382252559727,17.534129692832764,speech
17.534129692832764,18.813993174061434,nonspeech
18.813993174061434,47.07337883959045,speech
47.07337883959045,60.715,nonspeech
