start,stop,label
0.0,12.414675767918089,nonspeech
12.414675767918089,12.977815699658704,speech
12.977815699658704,13.813993174061434,nonspeech
13.813993174061434,17.5,speech
17.5,29.59897610921502,nonspeech
29.59897610921502,39.223549488054616,speech
39.223549488054616,40.33276450511946,nonspeech
40.33276450511946,59.513651877133114,speech
59.513651877133114,60.503412969283275,nonspeech
60.503412969283275,60.864,speech
