start,stop,label
0.0,36.510238907849825,speech
36.510238907849825,36.69795221843003,nonspeech
36.69795221843003,51.22013651877133,speech
51.22013651877133,51.32252559726963,nonspeech
51.32252559726963,53.79692832764505,speech
53.79692832764505,54.66723549488054,nonspeech
54.66723549488054,61.227,speech
