start,stop,label
0.0,43.30204778156997,speech
43.30204778156997,47.61945392491468,nonspeech
47.61945392491468,50.55460750853243,speech
50.55460750853243,51.49317406143345,nonspeech
51.49317406143345,53.02901023890786,speech
53.02901023890786,53.267918088737204,nonspeech
53.267918088737204,61.227,speech
