start,stop,label
0.0,0.742320819112628,nonspeech
0.742320819112628,20.691126279863482,speech
20.691126279863482,21.800341296928327,nonspeech
21.800341296928327,31.100682593856657,speech
31.100682593856657,31.305460750853243,nonspeech
31.305460750853243,52.15870307167236,speech
52.15870307167236,52.346416382252556,nonspeech
52.346416382252556,60.437,speech
