start,stop,label
0.0,2.244027303754266,speech
2.244027303754266,2.9436860068259385,nonspeech
2.9436860068259385,9.018771331058021,speech
9.018771331058021,9.206484641638225,nonspeech
9.206484641638225,40.55460750853243,speech
40.55460750853243,41.59556313993174,nonspeech
41.59556313993174,60.181,speech
