start,stop,label
0.0,11.390784982935154,speech
11.390784982935154,12.380546075085325,nonspeech
12.380546075085325,20.793515358361777,speech
20.793515358361777,21.254266211604097,nonspeech
21.254266211604097,23.950511945392492,speech
23.950511945392492,24.172354948805463,nonspeech
24.172354948805463,43.472696245733786,speech
43.472696245733786,44.25767918088738,nonspeech
44.25767918088738,61.931,speech
