start,stop,label
0.0,7.1416382252559725,nonspeech
7.1416382252559725,8.165529010238908,speech
8.165529010238908,10.281569965870307,nonspeech
10.281569965870307,11.220136518771332,speech
11.220136518771332,13.626279863481228,nonspeech
13.626279863481228,16.646757679180887,speech
16.646757679180887,61.312,nonspeech
