start,stop,label
0.0,26.168941979522184,speech
26.168941979522184,27.26109215017065,nonspeech
27.26109215017065,27.926621160409557,speech
27.926621160409557,29.83788395904437,nonspeech
29.83788395904437,60.181,speech
