start,stop,label
0.0,22.892491467576793,nonspeech
22.892491467576793,24.428327645051194,speech
24.428327645051194,27.5,nonspeech
27.5,32.51706484641639,speech
32.51706484641639,33.50682593856655,nonspeech
33.50682593856655,39.17235494880546,speech
39.17235494880546,39.66723549488054,nonspeech
39.66723549488054,48.02901023890786,speech
48.02901023890786,48.50682593856655,nonspeech
48.50682593856655,61.909,speech
