start,stop,label
0.0,2.482935153583618,speech
2.482935153583618,2.670648464163823,nonspeech
2.670648464163823,13.745733788395905,speech
13.745733788395905,14.15529010238908,nonspeech
14.15529010238908,19.650170648464165,speech
19.650170648464165,20.093856655290104,nonspeech
20.093856655290104,38.42150170648465,speech
38.42150170648465,38.77986348122867,nonspeech
38.77986348122867,45.17918088737201,speech
45.17918088737201,45.65699658703072,nonspeech
45.65699658703072,61.611,speech
