start,stop,label
0.0,9.445392491467578,nonspeech
9.445392491467578,36.83447098976109,speech
36.83447098976109,40.725255972696246,nonspeech
40.725255972696246,61.547,speech
