start,stop,label
0.0,17.551194539249146,speech
17.551194539249146,18.5580204778157,nonspeech
18.5580204778157,46.04948805460751,speech
46.04948805460751,50.79351535836177,nonspeech
50.79351535836177,52.363481228668945,speech
52.363481228668945,54.394197952218434,nonspeech
54.394197952218434,56.015358361774744,speech
56.015358361774744,56.18600682593856,nonspeech
56.18600682593856,58.04607508532423,speech
58.04607508532423,61.269,nonspeech
