start,stop,label
0.0,17.909556313993175,speech
17.909556313993175,23.40443686006826,nonspeech
23.40443686006826,58.50682593856655,speech
58.50682593856655,59.36006825938567,nonspeech
59.36006825938567,60.779,speech
