start,stop,label
0.0,2.090443686006826,speech
2.090443686006826,5.776450511945392,nonspeech
5.776450511945392,8.216723549488055,speech
8.216723549488055,9.92320819112628,nonspeech
9.92320819112628,60.288,speech
