start,stop,label
0.0,5.674061433447099,nonspeech
5.674061433447099,37.00511945392492,speech
37.00511945392492,53.33617747440273,nonspeech
53.33617747440273,55.725255972696246,speech
55.725255972696246,56.49317406143345,nonspeech
56.49317406143345,60.587,speech
