start,stop,label
0.0,2.8754266211604094,speech
2.8754266211604094,8.745733788395905,nonspeech
8.745733788395905,22.773037542662117,speech
22.773037542662117,24.018771331058023,nonspeech
24.018771331058023,61.141,speech
