start,stop,label
0.0,0.11092150170648464,nonspeech
0.11092150170648464,7.687713310580205,speech
7.687713310580205,8.387372013651877,nonspeech
8.387372013651877,12.380546075085325,speech
12.380546075085325,19.889078498293514,nonspeech
19.889078498293514,22.005119453924916,speech
22.005119453924916,31.493174061433447,nonspeech
31.493174061433447,34.496587030716725,speech
34.496587030716725,60.565,nonspeech
