label,start,stop
female,16.16,19.08
female,22.26,37.22
male,37.22,39.14
male,42.06,44.62
female,44.62,46.864999999999995
male,46.864999999999995,54.48
female,54.48,58.74
male,59.22,60.02
