label,start,stop
male,0.0,44.245000000000005
female,44.245000000000005,45.745000000000005
male,45.745000000000005,57.745000000000005
female,57.745000000000005,59.245000000000005
male,59.245000000000005,60.0
