label,start,stop
male,0.0,6.745
female,6.745,8.245000000000001
male,8.245000000000001,22.46
female,26.38,31.705000000000002
male,31.705000000000002,39.205
female,39.205,42.205
male,42.205,51.205
female,51.205,54.205
male,54.205,57.205
female,57.205,60.02
