label,start,stop
male,0.0,36.745000000000005
female,36.745000000000005,38.245000000000005
male,38.245000000000005,56.4
female,56.4,60.0
