label,start,stop
female,0.0,4.1
female,5.5,9.245000000000001
male,9.245000000000001,12.245000000000001
female,12.245000000000001,21.42
male,23.74,27.244999999999997
female,27.244999999999997,32.48
male,32.48,36.84
female,36.84,39.085
male,39.085,43.585
female,43.585,58.585
male,58.585,60.0
