label,start,stop
male,0.0,9.16
female,9.16,10.54
male,10.54,23.8
female,23.8,37.72
male,37.72,38.78
female,38.78,44.025000000000006
male,44.025000000000006,45.525000000000006
female,45.525000000000006,61.04
