label,start,stop
female,0.0,23.244999999999997
male,23.244999999999997,24.56
female,26.02,50.08
female,51.38,61.94
