label,start,stop
female,6.82,9.065000000000001
male,9.065000000000001,10.92
female,10.92,16.66
male,17.18,25.4
male,40.5,46.88
male,47.48,61.26
