label,start,stop
female,0.84,12.6
female,13.4,21.645
male,21.645,22.86
female,23.98,32.225
male,32.225,33.724999999999994
female,33.724999999999994,39.52
female,40.16,62.02
