label,start,stop
male,0.0,1.26
female,1.26,8.004999999999999
male,8.004999999999999,20.06
