label,start,stop
male,0.0,3.4850000000000003
female,3.4850000000000003,12.4
male,12.4,14.96
female,14.96,16.44
male,16.44,37.3
female,39.98,45.02
male,45.02,49.56
female,49.56,53.305
male,53.305,54.38
female,54.94,55.98
male,56.92,59.94
female,59.94,62.06
