label,start,stop
male,0.0,17.244999999999997
female,17.244999999999997,18.744999999999997
male,18.744999999999997,20.244999999999997
female,20.244999999999997,21.744999999999997
male,21.744999999999997,34.16
male,37.92,53.22
male,54.42,60.44
