label,start,stop
male,0.0,4.16
female,4.16,7.905
male,7.905,10.905000000000001
female,10.905000000000001,14.54
male,14.54,36.58
female,36.58,38.0
male,38.0,60.84
