label,start,stop
male,14.66,21.405
female,21.405,22.905
male,22.905,23.92
male,39.26,43.004999999999995
female,43.004999999999995,54.26
