label,start,stop
female,0.01,2.255
male,2.255,18.52
male,18.59,19.19
male,19.35,26.13
male,26.23,27.97
female,28.01,29.53
male,29.71,45.48
male,46.65,54.894999999999996
female,54.894999999999996,56.394999999999996
male,56.394999999999996,59.19
male,59.33,59.62
male,59.72,60.0
