label,start,stop
male,0.01,0.04
male,0.22,2.465
female,2.465,5.07
male,5.08,7.325
female,7.325,10.325
male,10.325,14.825
female,14.825,26.32
female,26.5,37.745000000000005
male,37.745000000000005,39.02
male,39.73,43.9
female,44.63,46.875
male,46.875,48.375
female,48.375,49.875
male,49.875,52.58
male,52.59,52.65
male,52.86,54.16
female,54.33,58.78
male,59.16,60.0
