label,start,stop
male,0.07,6.8149999999999995
female,6.8149999999999995,25.67
female,26.45,28.695
male,28.695,34.695
female,34.695,38.46
male,38.62,40.864999999999995
female,40.864999999999995,44.89
female,45.23,51.3
male,51.6,54.74
female,55.84,57.64
male,57.73,59.53
male,59.67,59.98
