label,start,stop
male,0.18,2.06
male,2.27,11.86
male,11.89,15.53
male,16.14,16.61
male,16.68,17.73
male,17.92,20.2
male,20.21,20.65
male,20.74,21.38
male,21.61,22.24
male,22.69,26.36
male,26.4,27.51
male,27.62,29.865000000000002
female,29.865000000000002,31.365000000000002
male,31.365000000000002,35.38
male,35.51,36.29
male,36.36,40.42
male,40.43,41.24
male,41.27,45.31
male,45.42,46.12
male,46.2,47.2
male,47.36,51.08
male,51.26,55.21
male,55.23,55.76
male,56.05,57.13
male,57.66,59.96
