label,start,stop
female,0.57,2.02
male,2.22,3.68
male,3.83,21.68
male,21.74,26.985
female,26.985,30.6
female,30.77,33.015
male,33.015,34.515
female,34.515,39.015
male,39.015,42.015
female,42.015,43.515
male,43.515,46.515
female,46.515,49.515
male,49.515,52.515
female,52.515,53.45
male,53.64,56.22
female,56.5,58.745000000000005
male,58.745000000000005,59.89
