label,start,stop
male,0.44,0.94
male,0.96,4.24
female,4.57,6.8149999999999995
male,6.8149999999999995,16.64
male,17.09,21.27
male,21.44,31.12
male,31.23,33.16
male,36.97,42.58
male,42.71,43.26
male,43.62,49.13
male,50.06,52.03
male,52.08,54.25
male,54.49,60.0
