label,start,stop
male,0.34,0.6
male,0.64,0.82
male,0.85,0.88
female,1.02,3.2649999999999997
male,3.2649999999999997,6.07
female,6.11,11.32
male,11.37,12.24
male,12.3,12.32
female,12.39,13.93
male,14.14,16.384999999999998
female,16.384999999999998,19.14
male,19.17,22.915
female,22.915,25.915
male,25.915,36.03
male,36.16,36.73
male,37.28,37.31
male,37.51,43.17
male,43.45,47.195
female,47.195,50.195
male,50.195,51.695
female,51.695,57.695
male,57.695,59.94
