label,start,stop
male,0.05,1.5
male,1.65,3.09
male,3.25,7.8
male,7.93,9.58
male,9.73,11.3
male,11.4,12.75
male,13.05,16.09
female,16.14,18.83
female,18.87,22.81
female,23.09,25.86
female,26.04,27.87
female,28.26,43.03
female,43.12,48.364999999999995
male,48.364999999999995,49.85
female,50.02,59.75
