label,start,stop
male,0.01,1.81
male,1.91,14.69
male,14.75,17.84
male,18.08,18.98
male,19.37,30.21
male,30.27,34.015
female,34.015,36.86
male,37.01,45.254999999999995
female,45.254999999999995,46.754999999999995
male,46.754999999999995,58.25
male,58.28,59.61
male,59.68,59.98
