label,start,stop
male,0.05,0.52
male,0.57,4.04
female,4.68,7.01
male,7.06,9.305
female,9.305,10.21
male,10.8,15.33
male,15.5,16.41
male,16.98,32.725
female,32.725,34.224999999999994
male,34.224999999999994,35.0
male,35.49,38.69
female,38.82,39.99
male,40.52,41.05
male,41.33,43.78
male,43.92,44.91
female,45.61,47.855000000000004
male,47.855000000000004,55.24
male,55.69,56.33
male,56.67,57.6
male,58.11,60.0
