label,start,stop
male,1.26,1.36
male,1.48,3.7249999999999996
female,3.7249999999999996,5.225
male,5.225,6.725
female,6.725,7.89
male,7.91,8.42
male,8.63,12.03
male,12.05,15.79
male,15.97,21.8
male,21.85,26.41
male,26.58,28.98
male,29.34,30.38
male,30.5,47.745000000000005
female,47.745000000000005,50.745000000000005
male,50.745000000000005,60.0
