label,start,stop
male,0.02,0.24
female,0.44,13.56
female,13.63,18.875
male,18.875,21.875
female,21.875,27.23
female,27.4,33.66
female,33.86,45.105000000000004
male,45.105000000000004,46.1
female,46.13,57.9
female,57.99,59.98
