label,start,stop
female,0.02,2.2649999999999997
male,2.2649999999999997,5.265
female,5.265,8.265
male,8.265,12.765
female,12.765,14.265
male,14.265,33.56
male,33.72,44.965
female,44.965,47.965
male,47.965,50.965
female,50.965,52.465
male,52.465,55.465
female,55.465,56.965
male,56.965,59.98
