label,start,stop
male,0.0,9.745000000000001
female,9.745000000000001,12.745000000000001
male,12.745000000000001,14.245000000000001
female,14.245000000000001,18.744999999999997
male,18.744999999999997,28.39
male,28.43,32.175
female,32.175,33.675
male,33.675,36.12
male,36.15,40.16
male,40.23,40.85
male,40.93,42.59
male,42.6,46.345
female,46.345,48.24
male,48.78,49.66
male,49.72,50.33
male,50.38,59.12
male,59.24,59.98
