label,start,stop
male,0.52,4.24
male,4.28,12.524999999999999
female,12.524999999999999,14.024999999999999
male,14.024999999999999,19.6
male,19.64,20.83
male,21.82,25.83
male,26.22,28.24
male,28.84,34.085
female,34.085,35.585
male,35.585,38.46
male,38.93,39.62
male,39.8,59.98
