label,start,stop
female,0.0,2.19
female,2.28,4.5249999999999995
male,4.5249999999999995,9.024999999999999
female,9.024999999999999,17.74
female,17.85,24.37
female,24.62,29.09
male,29.11,31.355
female,31.355,37.13
male,37.33,40.91
female,41.3,44.24
female,44.43,49.18
female,49.34,55.75
female,55.96,59.98
