label,start,stop
male,0.14,3.97
male,4.1,4.75
male,4.92,6.59
male,6.7,10.86
male,11.02,16.44
male,16.46,20.26
male,20.88,23.47
male,23.94,32.35
male,32.54,37.25
male,37.42,39.16
male,39.38,44.8
male,44.95,47.41
male,47.58,49.97
male,50.0,55.245000000000005
female,55.245000000000005,56.05
female,56.17,59.98
