label,start,stop
male,0.03,1.42
male,1.64,5.24
male,5.46,6.01
male,6.27,9.34
female,9.39,11.635000000000002
male,11.635000000000002,15.73
male,15.84,17.61
male,17.67,18.44
male,18.83,24.075
female,24.075,28.57
female,28.67,32.06
female,32.24,34.62
male,34.72,35.18
female,35.31,43.0
male,43.31,45.77
female,46.11,48.49
female,48.52,49.86
female,50.07,54.78
female,54.79,58.38
female,58.48,61.03
