label,start,stop
female,1.46,4.63
female,5.67,9.64
male,10.03,11.11
female,12.17,15.19
male,15.76,18.005000000000003
female,18.005000000000003,19.04
male,19.25,20.76
male,22.51,22.77
male,23.39,23.8
female,24.86,27.105
male,27.105,29.24
male,29.76,31.83
male,32.6,36.345
female,36.345,39.345
male,39.345,40.71
male,40.78,42.27
male,43.27,44.49
male,44.58,46.28
male,46.62,49.55
male,49.97,51.38
male,52.1,52.66
male,52.7,53.55
male,54.43,56.11
male,56.23,58.18
male,58.58,60.62
