label,start,stop
male,0.0,0.61
female,0.95,3.08
male,3.23,5.47
male,5.59,6.14
male,6.2,7.52
male,8.45,11.28
female,11.38,13.42
male,13.85,15.25
female,15.26,19.005000000000003
male,19.005000000000003,20.505000000000003
female,20.505000000000003,24.52
male,24.82,32.48
male,32.61,35.51
male,35.64,38.47
male,38.91,40.45
male,40.75,42.81
male,43.08,44.42
female,44.55,49.795
male,49.795,51.26
male,51.33,56.31
male,56.46,59.01
male,59.18,61.86
