label,start,stop
female,0.01,4.75
female,4.85,6.19
male,6.55,7.37
male,7.45,8.08
male,8.14,15.34
male,15.41,21.75
male,22.05,22.58
male,23.06,23.61
male,23.83,25.66
male,25.86,27.48
female,27.65,34.61
female,34.65,39.894999999999996
male,39.894999999999996,44.394999999999996
female,44.394999999999996,50.394999999999996
male,50.394999999999996,52.47
female,52.5,55.41
female,55.48,57.81
male,57.83,58.25
male,58.59,58.76
male,58.78,60.74
