label,start,stop
male,0.2,0.95
male,2.8,13.23
male,13.52,15.92
male,16.07,17.48
male,24.93,25.62
male,26.41,27.94
female,28.53,32.12
male,32.29,33.12
female,33.26,36.78
male,37.0,39.245000000000005
female,39.245000000000005,40.55
male,41.21,43.455
female,43.455,47.955
male,47.955,50.955
female,50.955,57.75
male,59.71,60.56
