label,start,stop
male,0.01,1.45
male,3.32,7.01
male,7.41,10.89
male,11.27,14.2
male,14.5,21.48
male,25.17,25.21
male,25.66,26.81
male,26.83,33.41
male,33.86,37.91
male,38.05,40.31
male,40.34,42.52
male,43.24,43.7
male,43.78,44.8
male,44.94,45.45
male,45.46,46.05
male,46.06,47.18
female,47.48,49.724999999999994
male,49.724999999999994,56.91
male,56.96,61.22
