label,start,stop
male,0.01,0.27
female,0.29,5.02
female,5.13,7.82
female,8.27,8.8
male,8.89,10.04
female,10.22,12.77
female,12.99,15.19
female,15.22,19.7
male,19.82,20.77
female,20.92,25.64
male,25.67,25.73
female,25.84,26.96
female,27.05,29.08
female,29.1,31.345000000000002
male,31.345000000000002,32.17
female,32.22,41.965
male,41.965,43.465
female,43.465,50.72
female,50.89,52.26
female,52.28,54.95
male,55.04,56.9
female,57.02,58.97
male,59.13,61.1
male,61.19,61.43
