label,start,stop
male,0.52,1.58
male,1.81,2.52
male,2.81,4.54
male,4.67,7.15
male,7.32,7.65
male,8.57,9.38
male,9.74,10.6
male,11.03,11.74
female,12.82,15.71
female,15.97,24.95
female,25.01,26.86
male,26.98,27.58
female,28.71,29.63
female,30.28,32.3
male,33.84,35.17
female,35.43,38.54
male,38.63,39.96
male,40.23,46.974999999999994
female,46.974999999999994,48.474999999999994
male,48.474999999999994,51.17
male,51.62,55.364999999999995
female,55.364999999999995,56.97
male,58.48,60.86
