label,start,stop
female,0.0,2.86
male,3.59,5.89
male,6.1,11.344999999999999
female,11.344999999999999,13.12
male,13.34,17.45
male,17.66,19.08
male,19.25,21.494999999999997
female,21.494999999999997,24.494999999999997
male,24.494999999999997,27.494999999999997
female,27.494999999999997,33.07
female,33.45,36.25
female,36.47,37.4
male,37.53,38.61
male,39.28,40.27
female,40.35,42.13
male,42.42,43.31
male,43.7,47.66
female,48.28,52.8
male,52.82,52.86
female,52.97,60.24
