label,start,stop
male,0.01,4.94
male,5.73,7.9750000000000005
female,7.9750000000000005,9.8
male,10.98,12.95
male,13.28,13.69
male,14.5,16.13
male,16.66,17.35
male,20.23,22.5
male,22.69,23.23
male,23.34,23.65
male,24.27,26.03
male,27.99,28.35
male,28.9,31.05
male,31.31,31.57
male,32.12,34.364999999999995
female,34.364999999999995,37.364999999999995
male,37.364999999999995,40.22
female,40.64,42.8
male,43.13,48.72
male,49.05,61.15
