label,start,stop
female,0.0,0.77
male,0.88,1.57
male,1.74,3.0
male,3.25,6.98
female,7.39,9.74
female,10.46,11.57
male,11.71,15.3
male,15.45,16.47
male,16.71,16.77
female,17.03,18.5
female,18.93,22.22
female,22.31,25.55
male,25.65,26.61
female,26.64,27.96
female,28.3,33.545
male,33.545,37.58
male,37.97,40.92
male,41.44,42.43
female,42.6,45.78
female,45.9,48.144999999999996
male,48.144999999999996,49.32
female,49.47,51.43
female,51.47,57.29
male,58.14,61.28
