label,start,stop
male,0.01,4.68
male,4.81,10.62
male,11.07,11.1
male,12.01,17.98
female,18.01,20.38
male,20.94,23.185000000000002
female,23.185000000000002,26.185000000000002
male,26.185000000000002,31.48
female,31.54,39.92
female,40.05,43.41
male,43.54,45.5
female,47.47,48.93
female,48.96,50.47
female,51.28,52.49
male,53.01,53.94
female,54.25,55.89
female,56.1,59.78
female,59.79,61.2
