label,start,stop
male,0.01,0.37
female,0.43,2.06
female,2.26,3.53
female,3.75,7.22
female,7.27,8.91
female,9.06,10.49
female,10.56,12.81
female,13.01,14.9
female,15.07,18.814999999999998
male,18.814999999999998,23.73
male,24.09,24.81
male,24.9,27.62
male,27.69,28.31
male,28.67,32.56
male,32.78,33.21
male,33.27,35.44
male,35.68,36.43
female,36.6,41.64
female,41.94,44.24
female,44.64,47.36
female,47.75,51.03
female,51.25,53.79
female,54.53,60.6
female,60.68,61.2
