label,start,stop
female,0.37,2.19
female,3.03,9.73
female,10.51,14.254999999999999
male,14.254999999999999,18.755000000000003
female,18.755000000000003,20.26
male,20.78,26.83
male,26.97,34.21
male,34.26,35.67
male,35.74,42.485
female,42.485,47.04
male,47.2,50.35
male,50.93,53.9
male,55.13,58.03
male,59.16,59.57
male,59.69,60.34
