label,start,stop
male,0.27,2.48
female,2.76,8.004999999999999
male,8.004999999999999,10.03
male,10.08,10.7
female,10.79,14.51
male,14.63,18.45
male,18.79,21.8
male,22.0,24.57
male,24.85,28.18
male,28.2,30.76
male,30.95,34.24
male,34.88,45.13
male,45.43,46.77
male,46.83,48.48
male,48.79,58.66
male,59.24,60.53
