label,start,stop
female,0.0,4.1
noise,4.1,5.5
female,5.5,21.42
noise,21.42,23.74
female,23.74,25.0
male,25.0,32.480000000000004
female,32.480000000000004,34.9
male,34.9,36.84
female,36.84,60.0
