label,start,stop
music,0.0,5.26
noise,5.26,11.66
music,11.66,16.92
noise,16.92,29.56
male,29.56,50.02
noEnergy,50.02,50.42
male,50.42,57.44
noEnergy,57.44,58.0
male,58.0,58.96
noEnergy,58.96,59.620000000000005
male,59.620000000000005,60.46
noEnergy,60.46,61.16
noise,61.16,61.56
