label,start,stop
male,0.0,0.74
female,0.74,17.240000000000002
male,17.240000000000002,18.58
music,18.58,23.46
noEnergy,23.46,23.9
female,23.9,30.8
noEnergy,30.8,31.9
music,31.9,37.64
noEnergy,37.64,38.34
male,38.34,60.68
