label,start,stop
music,0.0,0.76
male,0.76,6.46
noise,6.46,12.3
male,12.3,15.64
noise,15.64,23.2
male,23.2,40.56
noise,40.56,47.14
male,47.14,55.88
noise,55.88,59.120000000000005
male,59.120000000000005,60.36
