label,start,stop
noise,0.0,2.96
male,2.96,6.0200000000000005
female,6.0200000000000005,8.700000000000001
male,8.700000000000001,18.7
female,18.7,22.76
male,22.76,30.5
noise,30.5,39.98
female,39.98,43.18
noise,43.18,48.18
male,48.18,59.44
music,59.44,60.88
