label,start,stop
music,0.0,25.08
noEnergy,25.08,25.88
male,25.88,32.480000000000004
noise,32.480000000000004,36.74
male,36.74,39.18
noise,39.18,45.92
male,45.92,54.3
noEnergy,54.3,55.26
music,55.26,61.22
