label,start,stop
music,0.0,4.64
noise,4.64,6.94
male,6.94,9.72
noise,9.72,14.42
music,14.42,16.080000000000002
noise,16.080000000000002,24.42
music,24.42,34.52
female,34.52,39.26
male,39.26,40.28
noEnergy,40.28,40.78
female,40.78,42.72
noEnergy,42.72,43.32
male,43.32,51.22
music,51.22,54.66
male,54.66,61.16
