label,start,stop
music,0.0,1.84
noEnergy,1.84,2.38
music,2.38,26.32
female,26.32,32.1
noEnergy,32.1,33.480000000000004
male,33.480000000000004,35.54
female,35.54,38.08
music,38.08,41.16
female,41.16,43.06
music,43.06,47.78
male,47.78,51.0
female,51.0,51.66
music,51.66,52.66
noEnergy,52.66,53.34
female,53.34,60.48
