label,start,stop
female,0.0,19.9
male,19.9,35.34
noEnergy,35.34,35.800000000000004
male,35.800000000000004,36.32
female,36.32,61.22
