label,start,stop
music,0.0,0.56
male,0.56,3.3200000000000003
female,3.3200000000000003,18.78
music,18.78,20.64
male,20.64,24.32
female,24.32,25.9
male,25.9,31.08
noise,31.08,34.4
male,34.4,43.72
female,43.72,48.76
male,48.76,61.96
