label,start,stop
male,0.0,0.6
female,0.6,4.4
noEnergy,4.4,5.16
female,5.16,7.8
male,7.8,23.0
noise,23.0,26.02
music,26.02,30.18
male,30.18,44.7
noise,44.7,50.4
male,50.4,53.66
noEnergy,53.66,54.120000000000005
male,54.120000000000005,55.620000000000005
noEnergy,55.620000000000005,56.04
male,56.04,60.6
