label,start,stop
music,0.0,9.46
female,9.46,36.66
male,36.66,37.52
music,37.52,40.66
male,40.66,48.96
noEnergy,48.96,49.48
male,49.48,52.26
noEnergy,52.26,52.76
male,52.76,59.620000000000005
noEnergy,59.620000000000005,60.2
male,60.2,60.66
noEnergy,60.66,61.1
male,61.1,61.54
