label,start,stop
female,0.0,0.54
male,0.54,2.0
noise,2.0,8.22
female,8.22,13.66
male,13.66,14.5
noEnergy,14.5,16.5
noise,16.5,24.96
male,24.96,35.980000000000004
female,35.980000000000004,38.32
male,38.32,40.98
noEnergy,40.98,41.66
male,41.66,48.08
female,48.08,49.74
male,49.74,56.02
female,56.02,58.84
male,58.84,60.44
