label,start,stop
male,0.0,4.6000000000000005
noise,4.6000000000000005,7.34
male,7.34,23.62
noise,23.62,25.6
music,25.6,27.92
male,27.92,61.76
