label,start,stop
noise,0.0,7.0600000000000005
female,7.0600000000000005,7.84
male,7.84,10.0
female,10.0,11.06
noise,11.06,13.44
female,13.44,16.52
noise,16.52,35.08
music,35.08,37.1
noise,37.1,61.3
