label,start,stop
male,0.0,6.1000000000000005
female,6.1000000000000005,12.18
male,12.18,13.32
female,13.32,15.28
male,15.28,21.52
music,21.52,24.24
female,24.24,41.14
noEnergy,41.14,41.58
female,41.58,47.72
male,47.72,50.2
music,50.2,52.08
female,52.08,60.2
