label,start,stop
female,0.0,18.744999999999997
male,18.744999999999997,20.79
female,21.694,60.011
