label,start,stop
female,0.0,4.858
female,5.253,7.498
male,7.498,8.998000000000001
female,8.998000000000001,9.892
female,10.335,19.593
male,19.931,20.71
female,21.005,50.566
female,50.988,56.689
female,57.147,58.854
male,59.265,61.461
