label,start,stop
male,1.6809,3.9258999999999995
female,3.9258999999999995,5.4259
male,5.4259,9.5648
male,33.6945,44.1212
male,53.5068,60.032
