label,start,stop
male,0.0,23.244999999999997
female,23.244999999999997,26.244999999999997
male,26.244999999999997,30.744999999999997
female,30.744999999999997,35.245000000000005
male,35.245000000000005,60.011
