label,start,stop
female,0.0,2.245
male,2.245,26.244999999999997
female,26.244999999999997,29.244999999999997
male,29.244999999999997,45.93
male,46.8003,52.1758
