label,start,stop
female,15.9471,19.6672
female,21.0324,38.2774
male,38.2774,39.343
male,39.9744,44.0358
female,44.7355,46.9805
male,46.9805,48.4805
female,48.4805,49.9805
male,49.9805,54.2918
female,54.4625,58.207499999999996
male,58.207499999999996,60.032
