label,start,stop
female,0.0,3.745
male,3.745,9.745000000000001
female,9.745000000000001,60.011
