label,start,stop
female,7.3805,10.5205
male,17.0563,19.3089
male,21.1348,23.6263
male,32.773,35.3328
male,44.0017,46.246700000000004
female,46.246700000000004,50.746700000000004
male,50.746700000000004,53.746700000000004
female,53.746700000000004,58.246700000000004
male,58.246700000000004,60.032
