label,start,stop
female,0.0,2.245
male,2.245,4.6843
male,7.9949,17.756
male,21.9539,27.198900000000002
female,27.198900000000002,31.698900000000002
male,31.698900000000002,34.698899999999995
female,34.698899999999995,39.8891
female,45.9642,48.209199999999996
male,48.209199999999996,51.9198
male,58.1997,60.032
