label,start,stop
male,0.0,8.245000000000001
female,8.245000000000001,12.745000000000001
male,12.745000000000001,17.244999999999997
female,17.244999999999997,18.744999999999997
male,18.744999999999997,19.8549
male,30.2816,34.0266
female,34.0266,35.5266
male,35.5266,40.0266
female,40.0266,42.6365
female,50.4522,52.227
male,59.616,60.032
