label,start,stop
male,1.4932,5.2382
female,5.2382,8.238199999999999
male,8.238199999999999,10.5546
male,29.087,36.0495
male,46.8686,50.9642
