label,start,stop
female,0.0,32.245000000000005
male,32.245000000000005,37.2611
male,39.3259,60.011
