label,start,stop
female,0.0,1.4249
female,2.0392,4.4283
male,11.186,17.930999999999997
female,17.930999999999997,27.5341
male,27.8072,61.568
