label,start,stop
female,0.0,1.5102
female,1.8003,18.5751
male,19.5648,27.809800000000003
female,27.809800000000003,31.0495
male,33.8481,57.9778
