label,start,stop
female,0.0,23.244999999999997
male,23.244999999999997,24.7355
female,26.0495,50.2645
female,51.3908,61.952
