label,start,stop
male,0.0,2.245
female,2.245,17.244999999999997
male,17.244999999999997,20.4693
male,20.7594,21.9369
male,23.1997,25.6741
male,26.3225,26.9198
male,27.3976,45.8959
male,46.459,47.3976
male,47.7218,50.1451
male,50.5546,55.4863
male,58.1997,60.949
