label,start,stop
male,0.0,2.245
female,2.245,11.245000000000001
male,11.245000000000001,15.745
female,15.745,16.9539
male,17.4829,37.5341
female,39.9915,45.2365
male,45.2365,49.7365
female,49.7365,52.7365
male,52.7365,54.2365
female,54.2365,56.2031
male,56.9881,60.7331
female,60.7331,62.08
