label,start,stop
male,4.9232,6.7833
male,7.1246,13.869599999999998
female,13.869599999999998,14.9915
male,16.7662,34.1553
male,34.599,37.0563
male,39.7184,56.2713
male,59.9915,60.352
