label,start,stop
male,0.0,10.3328
female,12.2952,18.5751
male,19.7184,20.7423
female,21.3396,22.7048
female,22.8242,26.569200000000002
male,26.569200000000002,28.069200000000002
female,28.069200000000002,45.93
male,47.4659,60.949
