label,start,stop
male,0.1109,4.5648
male,4.7355,7.3976
female,7.9949,11.739899999999999
male,11.739899999999999,16.9369
female,17.2611,28.3362
female,28.4727,32.2177
male,32.2177,41.2884
female,41.8345,51.579499999999996
male,51.579499999999996,53.079499999999996
female,53.079499999999996,56.079499999999996
male,56.079499999999996,57.3123
male,57.5171,61.312
