label,start,stop
female,0.5546,2.4488
female,3.1655,9.7184
female,12.773,15.0085
male,15.128,18.872999999999998
female,18.872999999999998,20.5205
male,20.9983,41.7491
female,43.0119,47.1758
male,59.3771,60.373
