label,start,stop
male,0.0,5.93
female,6.2543,12.999300000000002
male,12.999300000000002,21.7662
female,24.2406,40.7594
female,41.8857,49.616
female,52.1587,55.9471
female,56.9027,58.4898
female,59.1041,60.224
