label,start,stop
male,0.0,2.773
female,4.3259,8.0709
male,8.0709,11.0709
female,11.0709,14.0709
male,14.0709,18.4727
male,19.343,27.9437
male,31.186,33.8823
male,35.0768,37.321799999999996
female,37.321799999999996,38.821799999999996
male,38.821799999999996,59.2065
male,59.3771,60.7935
