label,start,stop
male,0.0,0.4181
male,0.7594,3.3703
female,4.7014,17.7901
male,17.9949,18.6263
male,20.7253,24.07
male,24.8379,25.9642
male,26.2884,26.8686
male,32.7048,33.2167
male,34.7014,43.4044
female,43.9334,49.178399999999996
male,49.178399999999996,54.6331
male,54.8891,61.973
