label,start,stop
female,0.0,1.675
male,7.95,11.602
female,11.602,15.832
male,15.832,18.351
female,18.351,20.327
male,20.327,21.18
male,22.207,23.434
male,24.244,28.235
male,28.871,30.63
male,31.062,32.261
female,32.735,34.980000000000004
male,34.980000000000004,36.34
male,36.893,37.525
female,38.903,40.568
male,41.126,43.370999999999995
female,43.370999999999995,44.870999999999995
male,44.870999999999995,51.27
