label,start,stop
female,7.576,10.275
female,10.749,12.63
female,13.031,15.934
female,16.334,18.509
female,19.022,20.046
male,20.762,21.706
female,22.111,25.288
female,25.837,27.754
female,28.678,30.575
female,31.302,33.856
male,34.667,34.794
female,35.768,38.353
female,39.191,42.42
female,43.121,48.152
male,52.3,55.826
male,56.405,58.650000000000006
female,58.650000000000006,60.309
