label,start,stop
male,1.001,4.746
female,4.746,5.97
female,6.721,8.966000000000001
male,8.966000000000001,9.831
male,13.902,15.115
male,17.008,18.421
male,20.034,23.035
male,30.835,31.837
male,32.802,34.534
male,39.349,43.093999999999994
female,43.093999999999994,45.238
male,45.238,46.688
female,55.793,57.698
