label,start,stop
male,0.522,2.858
female,4.356,8.100999999999999
male,8.100999999999999,9.551
female,10.991,14.72
male,14.72,21.686
male,22.113,24.47
male,24.975,26.444
male,31.059,33.505
male,35.05,37.295
female,37.295,38.795
male,38.795,40.941
male,42.065,45.102
male,46.981,58.73
male,59.347,60.864
