label,start,stop
male,6.3,6.7
female,23.4,25.6
male,27.8,28.2
male,28.6,33.5
male,34.5,35.0
male,35.1,35.8
female,45.5,47.745000000000005
male,47.745000000000005,54.0
female,54.9,57.144999999999996
male,57.144999999999996,60.0
