label,start,stop
female,0.2,2.9
male,4.1,16.8
male,17.2,17.7
male,18.5,18.9
male,19.7,20.8
male,22.1,25.0
male,25.6,27.845
female,27.845,32.345
male,32.345,33.845
female,33.845,38.345
male,38.345,45.2
male,45.4,47.644999999999996
female,47.644999999999996,49.144999999999996
male,49.144999999999996,53.644999999999996
female,53.644999999999996,55.0
male,57.1,60.0
