label,start,stop
male,1.0,9.245000000000001
female,9.245000000000001,10.745000000000001
male,10.745000000000001,13.0
male,14.4,16.5
female,16.8,19.5
male,20.9,22.3
male,25.6,27.6
male,30.6,31.3
female,31.7,33.945
male,33.945,39.945
female,39.945,43.4
female,43.8,46.5
female,47.4,51.144999999999996
male,51.144999999999996,53.1
male,59.5,60.0
