label,start,stop
male,1.6,3.8449999999999998
female,3.8449999999999998,5.345
male,5.345,6.845
female,6.845,8.344999999999999
male,8.344999999999999,15.7
male,16.0,23.2
male,24.1,29.0
male,30.1,46.3
male,57.9,58.5
male,58.9,60.0
