label,start,stop
female,0.0,18.744999999999997
male,18.744999999999997,21.744999999999997
female,21.744999999999997,33.2
female,33.5,48.4
male,49.4,51.3
male,51.6,55.8
male,55.9,59.4
male,59.5,60.7
