label,start,stop
male,0.1,2.3449999999999998
female,2.3449999999999998,19.0
male,19.5,27.744999999999997
female,27.744999999999997,32.245000000000005
male,32.245000000000005,58.5
male,59.0,60.3
