label,start,stop
female,0.2,8.9
female,9.1,11.344999999999999
male,11.344999999999999,12.7
female,12.8,23.3
female,23.4,24.6
female,26.0,28.7
female,28.8,29.6
female,29.9,33.2
male,33.6,34.2
female,34.5,36.8
female,37.1,38.0
female,38.1,39.5
female,40.2,42.8
female,43.1,45.8
male,46.1,46.8
female,47.1,49.8
female,51.4,55.144999999999996
male,55.144999999999996,56.6
female,56.7,62.0
