label,start,stop
male,2.9,6.3
female,8.3,10.0
male,10.6,11.8
male,18.1,27.8
female,53.0,55.245000000000005
male,55.245000000000005,58.5
male,58.9,60.9
