label,start,stop
male,1.6,2.0
male,3.7,7.1
male,7.3,20.045
female,20.045,21.545
male,21.545,28.2
male,28.4,31.2
female,40.9,43.144999999999996
male,43.144999999999996,44.1
male,48.6,51.8
male,52.3,56.5
male,56.9,57.7
male,58.3,58.7
