label,start,stop
female,0.2,2.445
male,2.445,8.2
male,8.4,12.145
female,12.145,19.645
male,19.645,21.145
female,21.145,24.145
male,24.145,43.644999999999996
female,43.644999999999996,49.644999999999996
male,49.644999999999996,61.9
