label,start,stop
female,0.1,1.6
female,2.0,5.7
female,5.8,9.4
male,10.0,10.4
male,11.0,12.0
male,12.4,13.1
male,13.8,14.3
male,31.3,32.2
male,45.7,48.1
female,51.0,53.245000000000005
male,53.245000000000005,55.4
male,55.9,58.1
male,60.7,61.4
