label,start,stop
female,6.3,7.8
female,10.9,12.9
male,17.1,18.0
male,26.7,30.1
female,30.3,34.045
male,34.045,38.0
male,41.5,41.9
female,42.0,44.245000000000005
male,44.245000000000005,45.2
female,55.1,58.9
