label,start,stop
female,0.1,2.3449999999999998
male,2.3449999999999998,5.345
female,5.345,25.7
female,25.8,28.6
female,29.3,30.2
female,30.3,52.3
female,52.4,56.0
female,56.3,57.0
female,57.6,59.1
female,59.4,60.1
male,60.2,60.6
