label,start,stop
female,0.1,8.344999999999999
male,8.344999999999999,9.844999999999999
female,9.844999999999999,61.9
