label,start,stop
female,0.1,2.3449999999999998
male,2.3449999999999998,11.344999999999999
female,11.344999999999999,14.344999999999999
male,14.344999999999999,21.845
female,21.845,24.845
male,24.845,27.845
female,27.845,36.845
male,36.845,39.3
male,39.4,41.644999999999996
female,41.644999999999996,44.644999999999996
male,44.644999999999996,47.644999999999996
female,47.644999999999996,60.3
