label,start,stop
male,0.5,11.745000000000001
female,11.745000000000001,20.744999999999997
male,20.744999999999997,44.745000000000005
female,44.745000000000005,61.9
