label,start,stop
female,22.9,25.1
female,27.6,29.0
male,29.2,30.3
female,30.8,32.7
female,33.2,39.945
male,39.945,44.8
male,45.5,50.745000000000005
female,50.745000000000005,56.745000000000005
male,56.745000000000005,59.745000000000005
female,59.745000000000005,61.9
