label,start,stop
male,4.5,5.6
female,6.1,9.844999999999999
male,9.844999999999999,12.3
male,14.4,16.7
male,16.9,18.9
female,21.0,23.244999999999997
male,23.244999999999997,24.2
male,30.8,31.4
male,35.3,38.6
male,39.3,41.9
male,43.8,45.9
female,46.1,54.8
male,56.3,58.3
male,59.6,60.6
