label,start,stop
female,9.5,32.745000000000005
male,32.745000000000005,34.245000000000005
female,34.245000000000005,37.8
male,40.7,61.5
