label,start,stop
male,0.0,47.64
female,47.64,53.800000000000004
male,53.800000000000004,60.0
