label,start,stop
male,0.0,12.540000000000001
female,12.540000000000001,18.86
noEnergy,18.86,19.92
male,19.92,43.32
female,43.32,48.06
male,48.06,56.14
female,56.14,60.0
