label,start,stop
female,0.0,10.78
male,10.78,16.32
female,16.32,18.580000000000002
male,18.580000000000002,20.16
female,20.16,60.02
