label,start,stop
male,0.0,11.28
noEnergy,11.28,11.700000000000001
male,11.700000000000001,22.48
noEnergy,22.48,22.88
male,22.88,40.74
noEnergy,40.74,41.22
male,41.22,60.02
