label,start,stop
male,0.0,19.3
noEnergy,19.3,19.740000000000002
male,19.740000000000002,60.0
