label,start,stop
music,0.0,25.92
noEnergy,25.92,26.54
music,26.54,30.66
noEnergy,30.66,31.16
music,31.16,52.660000000000004
noise,52.660000000000004,60.02
