label,start,stop
male,0.0,3.18
female,3.18,4.22
male,4.22,5.76
female,5.76,29.04
male,29.04,34.58
female,34.58,38.6
male,38.6,42.160000000000004
female,42.160000000000004,51.58
male,51.58,60.0
