label,start,stop
music,0.0,37.800000000000004
female,37.800000000000004,40.72
male,40.72,41.28
noEnergy,41.28,41.72
male,41.72,60.02
