label,start,stop
male,0.0,2.2600000000000002
noEnergy,2.2600000000000002,3.0
male,3.0,4.66
noEnergy,4.66,5.94
female,5.94,10.200000000000001
noEnergy,10.200000000000001,10.78
male,10.78,17.7
noEnergy,17.7,19.42
male,19.42,30.14
noEnergy,30.14,31.68
male,31.68,36.62
noEnergy,36.62,37.14
male,37.14,37.86
noEnergy,37.86,38.68
male,38.68,39.6
noEnergy,39.6,40.46
male,40.46,54.32
noEnergy,54.32,55.300000000000004
male,55.300000000000004,56.46
noEnergy,56.46,57.2
female,57.2,59.1
noEnergy,59.1,60.02
