label,start,stop
music,0.0,16.16
female,16.16,19.080000000000002
music,19.080000000000002,22.26
female,22.26,37.22
male,37.22,39.14
noEnergy,39.14,39.92
music,39.92,42.06
male,42.06,44.62
female,44.62,49.36
male,49.36,54.480000000000004
female,54.480000000000004,58.74
noEnergy,58.74,59.22
male,59.22,60.02
