label,start,stop
female,0.0,4.0600000000000005
male,4.0600000000000005,9.3
female,9.3,60.0
