label,start,stop
female,0.0,8.040000000000001
male,8.040000000000001,11.6
female,11.6,26.580000000000002
noEnergy,26.580000000000002,27.18
female,27.18,37.14
noEnergy,37.14,37.94
female,37.94,60.0
