label,start,stop
male,0.0,17.240000000000002
noEnergy,17.240000000000002,17.740000000000002
female,17.740000000000002,19.240000000000002
male,19.240000000000002,25.36
noEnergy,25.36,26.16
male,26.16,60.0
