label,start,stop
male,0.0,5.98
noEnergy,5.98,7.7
music,7.7,11.26
female,11.26,16.46
music,16.46,18.02
male,18.02,25.580000000000002
female,25.580000000000002,29.7
music,29.7,38.7
male,38.7,53.54
music,53.54,56.0
male,56.0,60.02
