label,start,stop
male,0.0,20.44
noEnergy,20.44,20.98
male,20.98,45.480000000000004
noEnergy,45.480000000000004,47.26
music,47.26,60.0
