label,start,stop
music,0.0,3.8000000000000003
male,3.8000000000000003,13.26
music,13.26,16.4
male,16.4,20.18
music,20.18,21.98
male,21.98,26.240000000000002
noEnergy,26.240000000000002,26.7
male,26.7,29.42
noise,29.42,34.300000000000004
male,34.300000000000004,38.980000000000004
female,38.980000000000004,41.72
music,41.72,45.160000000000004
male,45.160000000000004,58.02
noise,58.02,59.92
male,59.92,61.52
