label,start,stop
male,0.0,1.62
noise,1.62,8.98
male,8.98,11.44
noEnergy,11.44,11.84
male,11.84,26.02
noEnergy,26.02,26.62
noise,26.62,28.84
male,28.84,31.060000000000002
noEnergy,31.060000000000002,31.740000000000002
male,31.740000000000002,34.96
noise,34.96,40.92
male,40.92,61.84
