label,start,stop
female,0.0,3.94
noise,3.94,10.08
female,10.08,14.32
noEnergy,14.32,14.74
female,14.74,15.48
noise,15.48,23.740000000000002
female,23.740000000000002,28.060000000000002
noise,28.060000000000002,34.42
female,34.42,38.68
noise,38.68,41.68
female,41.68,50.96
noise,50.96,53.14
female,53.14,56.2
noise,56.2,57.52
female,57.52,60.36
