label,start,stop
female,0.0,18.44
noEnergy,18.44,19.2
male,19.2,31.66
female,31.66,43.24
male,43.24,60.120000000000005
noEnergy,60.120000000000005,60.56
male,60.56,61.04
