label,start,stop
music,0.0,1.46
female,1.46,22.7
music,22.7,26.740000000000002
male,26.740000000000002,49.1
music,49.1,51.08
male,51.08,61.0
