label,start,stop
music,0.0,1.46
male,1.46,10.700000000000001
noEnergy,10.700000000000001,11.4
female,11.4,12.36
male,12.36,24.080000000000002
noise,24.080000000000002,26.04
male,26.04,60.68
