label,start,stop
music,0.0,3.66
male,3.66,6.0200000000000005
music,6.0200000000000005,11.64
male,11.64,19.04
music,19.04,24.26
noise,24.26,35.36
music,35.36,46.54
noise,46.54,50.38
music,50.38,60.72
