label,start,stop
male,0.0,9.16
female,9.16,10.540000000000001
male,10.540000000000001,23.8
female,23.8,37.72
male,37.72,38.78
female,38.78,61.04
