label,start,stop
female,0.0,1.1
male,1.1,5.2
female,5.2,11.16
male,11.16,21.6
female,21.6,36.84
male,36.84,43.36
noEnergy,43.36,43.9
female,43.9,51.160000000000004
noEnergy,51.160000000000004,52.88
male,52.88,58.7
female,58.7,61.64
