label,start,stop
male,0.0,29.240000000000002
noEnergy,29.240000000000002,29.740000000000002
male,29.740000000000002,36.160000000000004
noEnergy,36.160000000000004,36.96
male,36.96,38.26
noEnergy,38.26,39.1
male,39.1,39.82
female,39.82,42.6
male,42.6,44.38
noEnergy,44.38,44.84
male,44.84,61.92
