label,start,stop
noise,0.0,21.240000000000002
music,21.240000000000002,24.92
noise,24.92,44.46
noEnergy,44.46,44.88
male,44.88,47.4
female,47.4,48.620000000000005
male,48.620000000000005,50.76
female,50.76,52.300000000000004
noEnergy,52.300000000000004,52.980000000000004
female,52.980000000000004,55.78
male,55.78,57.88
noEnergy,57.88,58.92
male,58.92,60.36
noEnergy,60.36,61.480000000000004
