label,start,stop
female,0.0,3.8200000000000003
noEnergy,3.8200000000000003,4.58
female,4.58,5.1000000000000005
noEnergy,5.1000000000000005,6.0200000000000005
female,6.0200000000000005,8.86
music,8.86,11.72
noEnergy,11.72,12.200000000000001
music,12.200000000000001,22.22
female,22.22,26.28
music,26.28,27.7
noEnergy,27.7,28.22
male,28.22,29.6
female,29.6,31.34
male,31.34,34.38
female,34.38,36.88
male,36.88,46.88
female,46.88,50.88
male,50.88,52.300000000000004
female,52.300000000000004,61.04
