label,start,stop
male,0.0,0.74
female,0.74,17.240000000000002
male,17.240000000000002,18.580000000000002
music,18.580000000000002,23.46
noEnergy,23.46,23.900000000000002
female,23.900000000000002,30.8
noEnergy,30.8,31.900000000000002
music,31.900000000000002,37.64
noEnergy,37.64,38.34
male,38.34,60.68
