label,start,stop
female,0.0,24.560000000000002
noEnergy,24.560000000000002,26.02
female,26.02,50.08
noEnergy,50.08,51.38
female,51.38,61.940000000000005
