label,start,stop
female,0.0,44.12
male,44.12,50.660000000000004
noEnergy,50.660000000000004,51.36
male,51.36,60.160000000000004
