label,start,stop
music,0.0,2.6
female,2.6,11.38
music,11.38,13.700000000000001
female,13.700000000000001,25.12
male,25.12,27.94
female,27.94,29.96
music,29.96,32.64
female,32.64,35.6
male,35.6,38.12
female,38.12,39.92
music,39.92,55.300000000000004
male,55.300000000000004,61.58
