label,start,stop
noise,0.0,22.42
female,22.42,24.060000000000002
noise,24.060000000000002,35.62
male,35.62,38.1
noise,38.1,46.44
male,46.44,47.94
noise,47.94,61.120000000000005
