label,start,stop
male,0.0,53.980000000000004
noEnergy,53.980000000000004,55.6
male,55.6,59.14
noEnergy,59.14,59.86
male,59.86,61.120000000000005
