label,start,stop
male,0.0,16.06
noise,16.06,19.580000000000002
male,19.580000000000002,25.7
female,25.7,56.980000000000004
male,56.980000000000004,60.68
