label,start,stop
male,0.0,28.900000000000002
music,28.900000000000002,38.300000000000004
noise,38.300000000000004,43.480000000000004
music,43.480000000000004,47.0
noise,47.0,50.76
male,50.76,60.74
