label,start,stop
male,0.0,1.74
female,1.74,4.1
male,4.1,7.84
female,7.84,22.5
male,22.5,53.02
female,53.02,54.800000000000004
male,54.800000000000004,60.44
