label,start,stop
male,0.0,0.9400000000000001
female,0.9400000000000001,14.44
male,14.44,24.26
female,24.26,27.66
music,27.66,32.08
male,32.08,61.120000000000005
