label,start,stop
female,0.0,5.28
music,5.28,15.280000000000001
noEnergy,15.280000000000001,15.700000000000001
male,15.700000000000001,16.8
noEnergy,16.8,18.18
music,18.18,49.980000000000004
female,49.980000000000004,51.32
male,51.32,52.88
music,52.88,55.1
male,55.1,56.44
female,56.44,61.480000000000004
