label,start,stop
female,0.0,15.4
male,15.4,15.96
noEnergy,15.96,16.78
male,16.78,17.12
noEnergy,17.12,17.6
male,17.6,17.98
noEnergy,17.98,18.54
female,18.54,19.16
noEnergy,19.16,19.84
male,19.84,20.46
female,20.46,26.44
male,26.44,27.5
noEnergy,27.5,27.96
male,27.96,29.560000000000002
female,29.560000000000002,40.160000000000004
male,40.160000000000004,41.06
noEnergy,41.06,41.46
female,41.46,55.36
male,55.36,57.06
female,57.06,61.92
