label,start,stop
male,0.0,2.48
noise,2.48,7.5
male,7.5,19.68
female,19.68,23.34
male,23.34,26.68
female,26.68,28.900000000000002
male,28.900000000000002,53.96
noEnergy,53.96,54.9
male,54.9,56.28
noEnergy,56.28,56.82
female,56.82,58.24
noEnergy,58.24,59.04
male,59.04,61.56
