label,start,stop
noise,0.0,1.78
female,1.78,8.040000000000001
male,8.040000000000001,26.14
female,26.14,61.08
