label,start,stop
male,0.0,14.22
noise,14.22,16.1
noEnergy,16.1,22.740000000000002
music,22.740000000000002,23.42
noEnergy,23.42,23.86
music,23.86,24.94
noEnergy,24.94,25.98
music,25.98,29.16
noEnergy,29.16,29.6
music,29.6,30.580000000000002
noEnergy,30.580000000000002,31.76
music,31.76,46.480000000000004
female,46.480000000000004,56.18
music,56.18,61.68
