label,start,stop
noEnergy,0.0,0.84
female,0.84,12.6
noEnergy,12.6,13.4
female,13.4,22.86
noEnergy,22.86,23.98
female,23.98,39.52
noEnergy,39.52,40.160000000000004
female,40.160000000000004,62.02
