label,start,stop
music,0.0,8.32
noEnergy,8.32,9.120000000000001
male,9.120000000000001,22.82
female,22.82,26.3
music,26.3,28.46
noEnergy,28.46,28.98
female,28.98,54.92
male,54.92,59.36
noEnergy,59.36,60.1
music,60.1,60.4
