label,start,stop
female,0.0,4.7
noEnergy,4.7,6.0600000000000005
noise,6.0600000000000005,9.14
male,9.14,41.88
noEnergy,41.88,43.02
female,43.02,52.94
male,52.94,61.4
