label,start,stop
female,0.0,21.02
male,21.02,25.18
noEnergy,25.18,26.3
female,26.3,41.08
noEnergy,41.08,41.9
male,41.9,54.480000000000004
noEnergy,54.480000000000004,55.300000000000004
male,55.300000000000004,60.4
