label,start,stop
music,0.0,1.42
noEnergy,1.42,3.34
music,3.34,7.04
noEnergy,7.04,7.5
music,7.5,10.76
noEnergy,10.76,11.200000000000001
music,11.200000000000001,14.040000000000001
noEnergy,14.040000000000001,14.52
female,14.52,15.22
music,15.22,22.44
noise,22.44,25.18
music,25.18,42.300000000000004
noise,42.300000000000004,47.5
music,47.5,61.24
