label,start,stop
noEnergy,0.0,0.24
male,0.24,0.8
noEnergy,0.8,2.7800000000000002
music,2.7800000000000002,4.0600000000000005
male,4.0600000000000005,17.5
noEnergy,17.5,18.740000000000002
noise,18.740000000000002,26.22
music,26.22,28.740000000000002
male,28.740000000000002,33.26
female,33.26,34.64
male,34.64,50.08
music,50.08,52.24
female,52.24,56.76
male,56.76,58.22
noise,58.22,61.58
