label,start,stop
female,0.0,1.48
noEnergy,1.48,2.02
female,2.02,8.3
noEnergy,8.3,8.82
female,8.82,11.78
music,11.78,18.400000000000002
noise,18.400000000000002,21.28
female,21.28,38.84
noise,38.84,41.36
female,41.36,49.22
male,49.22,51.72
female,51.72,61.4
