label,start,stop
female,0.0,2.54
noEnergy,2.54,3.22
music,3.22,5.32
female,5.32,24.66
noEnergy,24.66,25.060000000000002
male,25.060000000000002,33.5
female,33.5,41.42
male,41.42,44.980000000000004
female,44.980000000000004,47.32
male,47.32,60.64
