label,start,stop
noise,0.0,1.12
male,1.12,3.3200000000000003
noise,3.3200000000000003,10.84
male,10.84,15.44
noise,15.44,17.38
male,17.38,54.96
noise,54.96,57.7
male,57.7,61.76
