label,start,stop
male,0.0,21.22
female,21.22,23.2
male,23.2,29.900000000000002
female,29.900000000000002,31.580000000000002
male,31.580000000000002,57.64
music,57.64,60.9
