label,start,stop
music,0.0,47.300000000000004
noise,47.300000000000004,51.18
male,51.18,52.14
noEnergy,52.14,52.660000000000004
male,52.660000000000004,52.92
noEnergy,52.92,53.38
male,53.38,55.02
noEnergy,55.02,56.14
male,56.14,56.56
noEnergy,56.56,58.980000000000004
music,58.980000000000004,60.96
