label,start,stop
male,0.0,5.94
noEnergy,5.94,6.4
male,6.4,11.98
female,11.98,18.36
male,18.36,27.080000000000002
noise,27.080000000000002,29.82
male,29.82,34.9
noEnergy,34.9,35.4
male,35.4,39.24
female,39.24,43.480000000000004
noise,43.480000000000004,46.68
male,46.68,61.480000000000004
