label,start,stop
noise,0.0,1.6
music,1.6,4.94
female,4.94,6.22
music,6.22,10.36
female,10.36,11.78
music,11.78,18.88
female,18.88,20.04
music,20.04,26.38
female,26.38,28.560000000000002
music,28.560000000000002,39.1
female,39.1,40.6
music,40.6,56.120000000000005
noise,56.120000000000005,60.160000000000004
