label,start,stop
male,0.0,11.14
female,11.14,14.26
music,14.26,19.22
male,19.22,22.400000000000002
music,22.400000000000002,24.240000000000002
male,24.240000000000002,26.54
music,26.54,29.42
male,29.42,32.94
female,32.94,34.7
noise,34.7,39.14
male,39.14,49.7
noise,49.7,60.160000000000004
