label,start,stop
noise,0.0,3.62
music,3.62,15.46
male,15.46,20.2
noEnergy,20.2,20.900000000000002
music,20.900000000000002,22.26
noise,22.26,24.8
music,24.8,26.66
female,26.66,35.9
noEnergy,35.9,36.36
music,36.36,41.92
male,41.92,60.14
noEnergy,60.14,60.68
