label,start,stop
male,0.0,2.58
noEnergy,2.58,3.04
male,3.04,25.580000000000002
female,25.580000000000002,49.24
noEnergy,49.24,49.660000000000004
female,49.660000000000004,61.980000000000004
