label,start,stop
female,0.0,24.740000000000002
music,24.740000000000002,30.080000000000002
noEnergy,30.080000000000002,31.3
music,31.3,32.82
noEnergy,32.82,33.2
music,33.2,38.300000000000004
male,38.300000000000004,48.2
noEnergy,48.2,48.74
music,48.74,54.36
noise,54.36,58.54
noEnergy,58.54,59.76
noise,59.76,61.0
