label,start,stop
male,0.0,11.82
noEnergy,11.82,12.780000000000001
female,12.780000000000001,27.7
noEnergy,27.7,28.18
female,28.18,32.480000000000004
male,32.480000000000004,34.06
female,34.06,41.94
male,41.94,48.74
music,48.74,54.620000000000005
male,54.620000000000005,55.160000000000004
female,55.160000000000004,56.72
male,56.72,57.9
noEnergy,57.9,58.620000000000005
music,58.620000000000005,61.06
noEnergy,61.06,61.68
noise,61.68,61.92
