label,start,stop
female,0.0,3.06
male,3.06,6.5600000000000005
female,6.5600000000000005,8.36
male,8.36,11.02
female,11.02,14.5
male,14.5,20.3
female,20.3,24.560000000000002
male,24.560000000000002,26.88
female,26.88,45.74
male,45.74,47.26
female,47.26,60.26
