label,start,stop
female,0.0,1.76
male,1.76,3.3200000000000003
female,3.3200000000000003,4.68
male,4.68,7.26
female,7.26,11.66
male,11.66,17.04
female,17.04,35.08
male,35.08,41.58
female,41.58,57.1
male,57.1,61.300000000000004
