label,start,stop
male,0.0,34.160000000000004
music,34.160000000000004,37.92
male,37.92,53.22
music,53.22,54.42
male,54.42,60.44
