label,start,stop
noise,0.0,13.72
male,13.72,17.22
noise,17.22,18.66
noEnergy,18.66,19.48
noise,19.48,23.14
music,23.14,31.720000000000002
female,31.720000000000002,39.38
noEnergy,39.38,39.980000000000004
female,39.980000000000004,58.94
noEnergy,58.94,60.480000000000004
male,60.480000000000004,60.84
