label,start,stop
music,0.0,7.16
female,7.16,11.8
music,11.8,23.18
noise,23.18,25.94
music,25.94,28.900000000000002
noise,28.900000000000002,34.54
male,34.54,40.88
female,40.88,43.26
male,43.26,46.0
female,46.0,49.480000000000004
music,49.480000000000004,53.26
male,53.26,55.660000000000004
female,55.660000000000004,57.94
male,57.94,61.32
