label,start,stop
female,0.0,0.8
music,0.8,2.4
male,2.4,16.26
noise,16.26,21.46
music,21.46,26.78
noise,26.78,36.28
music,36.28,38.4
male,38.4,40.2
female,40.2,42.0
male,42.0,49.06
noise,49.06,57.2
female,57.2,60.160000000000004
male,60.160000000000004,61.88
