label,start,stop
male,0.0,12.120000000000001
female,12.120000000000001,20.72
male,20.72,43.94
female,43.94,61.92
