label,start,stop
music,0.0,5.8
female,5.8,16.240000000000002
male,16.240000000000002,18.900000000000002
female,18.900000000000002,31.84
music,31.84,38.88
noEnergy,38.88,39.300000000000004
music,39.300000000000004,48.34
noEnergy,48.34,49.34
noise,49.34,51.38
music,51.38,57.72
male,57.72,60.58
