label,start,stop
female,0.0,1.1400000000000001
male,1.1400000000000001,2.92
female,2.92,23.52
noEnergy,23.52,24.36
male,24.36,26.86
noEnergy,26.86,27.54
noise,27.54,29.94
male,29.94,31.32
female,31.32,61.96
