label,start,stop
noEnergy,0.0,0.5
music,0.5,1.5
female,1.5,4.22
noEnergy,4.22,4.64
female,4.64,13.3
music,13.3,17.18
male,17.18,18.92
female,18.92,20.66
male,20.66,29.080000000000002
female,29.080000000000002,49.42
male,49.42,55.24
female,55.24,60.24
