label,start,stop
male,0.0,11.58
female,11.58,13.200000000000001
noise,13.200000000000001,23.64
music,23.64,26.68
male,26.68,27.44
noEnergy,27.44,29.580000000000002
male,29.580000000000002,31.54
noEnergy,31.54,32.64
male,32.64,33.26
noEnergy,33.26,33.82
male,33.82,35.08
noEnergy,35.08,37.14
male,37.14,37.96
noEnergy,37.96,39.08
male,39.08,39.92
noEnergy,39.92,40.64
music,40.64,42.88
male,42.88,46.88
music,46.88,52.14
male,52.14,57.0
music,57.0,61.36
