label,start,stop
music,0.0,18.38
noEnergy,18.38,20.28
music,20.28,27.400000000000002
female,27.400000000000002,28.78
noEnergy,28.78,29.28
female,29.28,30.1
noEnergy,30.1,30.78
female,30.78,32.42
noEnergy,32.42,33.28
female,33.28,38.32
male,38.32,51.36
female,51.36,55.94
male,55.94,60.26
female,60.26,61.9
