label,start,stop
male,0.0,4.16
female,4.16,14.540000000000001
male,14.540000000000001,36.58
female,36.58,38.0
male,38.0,45.46
female,45.46,48.4
male,48.4,60.84
