label,start,stop
music,0.0,8.94
noise,8.94,11.200000000000001
music,11.200000000000001,32.04
noise,32.04,36.800000000000004
male,36.800000000000004,43.7
noise,43.7,45.74
male,45.74,53.08
noise,53.08,54.96
male,54.96,61.76
