label,start,stop
music,0.0,1.68
male,1.68,2.94
noise,2.94,8.46
female,8.46,22.580000000000002
male,22.580000000000002,23.76
female,23.76,61.120000000000005
