label,start,stop
male,0.0,31.400000000000002
female,31.400000000000002,34.7
male,34.7,41.26
noise,41.26,48.44
female,48.44,61.08
