label,start,stop
male,0.0,54.745000000000005
female,54.745000000000005,60.011
