label,start,stop
male,0.0,9.745000000000001
female,9.745000000000001,12.745000000000001
male,12.745000000000001,14.245000000000001
female,14.245000000000001,18.744999999999997
male,18.744999999999997,26.244999999999997
female,26.244999999999997,27.744999999999997
male,27.744999999999997,32.245000000000005
female,32.245000000000005,33.745000000000005
male,33.745000000000005,45.745000000000005
female,45.745000000000005,47.245000000000005
male,47.245000000000005,60.011
