label,start,stop
male,0.0,32.245000000000005
female,32.245000000000005,33.745000000000005
male,33.745000000000005,60.032
