label,start,stop
female,0.0,32.245000000000005
male,32.245000000000005,60.011
