label,start,stop
male,0.0,2.245
female,2.245,5.245
male,5.245,6.745
female,6.745,8.245000000000001
male,8.245000000000001,47.675
female,47.675,50.0
male,50.0,60.032
