label,start,stop
male,0.0,15.745
female,15.745,48.745000000000005
male,48.745000000000005,50.245000000000005
female,50.245000000000005,60.032
