label,start,stop
male,0.0,33.745000000000005
female,33.745000000000005,35.245000000000005
male,35.245000000000005,51.745000000000005
female,51.745000000000005,53.245000000000005
male,53.245000000000005,60.032
