label,start,stop
male,0.0,2.245
female,2.245,9.745000000000001
male,9.745000000000001,16.01
female,16.01,26.16
male,26.16,26.78
female,26.78,29.66
male,29.66,30.0
female,30.0,38.245000000000005
male,38.245000000000005,45.254999999999995
female,45.254999999999995,48.935
male,48.935,56.24
female,56.24,58.96
male,58.96,60.032
