label,start,stop
male,0.0,5.245
female,5.245,8.245000000000001
male,8.245000000000001,12.745000000000001
female,12.745000000000001,14.245000000000001
male,14.245000000000001,50.245000000000005
female,50.245000000000005,51.745000000000005
male,51.745000000000005,60.011
