label,start,stop
male,0.0,34.025000000000006
female,34.025000000000006,35.525000000000006
male,35.525000000000006,60.011
