label,start,stop
male,0.0,2.245
female,2.245,3.745
male,3.745,6.745
female,6.745,14.245000000000001
male,14.245000000000001,17.244999999999997
female,17.244999999999997,20.244999999999997
male,20.244999999999997,23.244999999999997
female,23.244999999999997,24.744999999999997
male,24.744999999999997,47.245000000000005
female,47.245000000000005,50.0
male,50.0,53.745000000000005
female,53.745000000000005,58.245000000000005
male,58.245000000000005,59.29
female,59.29,60.032
