label,start,stop
male,0.0,6.745
female,6.745,29.175
male,29.175,35.175
female,35.175,39.48
male,39.48,42.245000000000005
female,42.245000000000005,51.245000000000005
male,51.245000000000005,55.745000000000005
female,55.745000000000005,57.245000000000005
male,57.245000000000005,60.011
