label,start,stop
male,0.0,19.76
female,19.76,25.005000000000003
male,25.005000000000003,58.565
female,58.565,60.011
