label,start,stop
female,0.0,18.744999999999997
male,18.744999999999997,21.744999999999997
female,21.744999999999997,48.745000000000005
male,48.745000000000005,60.736
