label,start,stop
male,0.0,1.24
female,1.24,4.985
male,4.985,6.485
female,6.485,8.4
male,8.4,10.645
female,10.645,16.22
male,16.22,23.545
female,23.545,26.545
male,26.545,41.86
female,41.86,44.105000000000004
male,44.105000000000004,50.425
female,50.425,54.925
male,54.925,60.651
