label,start,stop
male,0.0,6.6
female,6.6,8.844999999999999
male,8.844999999999999,10.344999999999999
female,10.344999999999999,16.98
male,16.98,61.269
