label,start,stop
female,0.0,9.17
male,9.17,21.92
female,21.92,26.5
male,26.5,30.0
female,30.0,32.245000000000005
male,32.245000000000005,33.745000000000005
female,33.745000000000005,36.745000000000005
male,36.745000000000005,47.245000000000005
female,47.245000000000005,61.056
