label,start,stop
male,0.0,2.245
female,2.245,17.244999999999997
male,17.244999999999997,60.949
