label,start,stop
male,0.0,6.625
female,6.625,8.125
male,8.125,20.125
female,20.125,24.41
male,24.41,42.114999999999995
female,42.114999999999995,43.614999999999995
male,43.614999999999995,60.885
