label,start,stop
male,0.0,15.745
female,15.745,17.244999999999997
male,17.244999999999997,23.744999999999997
female,23.744999999999997,25.244999999999997
male,25.244999999999997,61.525
