label,start,stop
male,0.0,11.245000000000001
female,11.245000000000001,18.744999999999997
male,18.744999999999997,61.504
