label,start,stop
female,0.0,2.245
male,2.245,11.245000000000001
female,11.245000000000001,20.244999999999997
male,20.244999999999997,21.744999999999997
female,21.744999999999997,24.744999999999997
male,24.744999999999997,44.245000000000005
female,44.245000000000005,48.745000000000005
male,48.745000000000005,61.888
