label,start,stop
male,0.0,11.245000000000001
female,11.245000000000001,12.745000000000001
male,12.745000000000001,26.244999999999997
female,26.244999999999997,27.744999999999997
male,27.744999999999997,30.744999999999997
female,30.744999999999997,32.245000000000005
male,32.245000000000005,41.245000000000005
female,41.245000000000005,61.632
