label,start,stop
male,0.0,6.745
female,6.745,8.245000000000001
male,8.245000000000001,13.81
female,13.81,15.93
male,15.93,27.175
female,27.175,28.675
male,28.675,46.675
female,46.675,49.675
male,49.675,61.248
