label,start,stop
male,0.0,15.745
female,15.745,17.244999999999997
male,17.244999999999997,60.971
