label,start,stop
male,0.0,27.505000000000003
female,27.505000000000003,30.0
male,30.0,33.745000000000005
female,33.745000000000005,36.745000000000005
male,36.745000000000005,42.745000000000005
female,42.745000000000005,47.245000000000005
male,47.245000000000005,51.81
female,51.81,58.42
male,58.42,61.589
