label,start,stop
male,0.0,2.245
female,2.245,11.245000000000001
male,11.245000000000001,14.245000000000001
female,14.245000000000001,17.244999999999997
male,17.244999999999997,40.0
female,40.0,45.245000000000005
male,45.245000000000005,50.0
female,50.0,56.745000000000005
male,56.745000000000005,59.745000000000005
female,59.745000000000005,62.08
