label,start,stop
female,0.0,9.745000000000001
male,9.745000000000001,16.625
female,16.625,18.125
male,18.125,21.125
female,21.125,24.125
male,24.125,31.625
female,31.625,33.125
male,33.125,43.625
female,43.625,46.625
male,46.625,61.419
