label,start,stop
female,0.0,3.745
male,3.745,6.745
female,6.745,14.245000000000001
male,14.245000000000001,24.07
female,24.07,27.86
male,27.86,61.141
