label,start,stop
male,0.0,33.745000000000005
female,33.745000000000005,35.245000000000005
male,35.245000000000005,61.312
