label,start,stop
male,0.0,4.8
female,4.8,8.46
male,8.46,10.0
female,10.0,12.0
male,12.0,14.245000000000001
female,14.245000000000001,19.99
male,19.99,26.27
female,26.27,28.68
male,28.68,33.64
female,33.64,35.54
male,35.54,38.7
female,38.7,41.46
male,41.46,44.28
female,44.28,45.82
male,45.82,49.81
female,49.81,51.01
male,51.01,60.181
