label,start,stop
male,0.0,5.31
female,5.31,7.8
male,7.8,11.545
female,11.545,13.045
male,13.045,16.045
female,16.045,17.545
male,17.545,32.245000000000005
female,32.245000000000005,34.1
male,34.1,40.0
female,40.0,44.29
male,44.29,53.82
female,53.82,59.155
male,59.155,61.291
