label,start,stop
female,0.0,24.75
male,24.75,48.87
female,48.87,52.614999999999995
male,52.614999999999995,61.013
