label,start,stop
female,0.0,20.244999999999997
male,20.244999999999997,21.744999999999997
female,21.744999999999997,59.245000000000005
male,59.245000000000005,61.461
