label,start,stop
female,0.0,12.745000000000001
male,12.745000000000001,18.51
female,18.51,47.11
male,47.11,50.0
female,50.0,53.93
male,53.93,57.675
female,57.675,59.175
male,59.175,60.715
