label,start,stop
male,0.0,41.245000000000005
female,41.245000000000005,42.745000000000005
male,42.745000000000005,61.184
