label,start,stop
male,0.0,6.745
female,6.745,11.245000000000001
male,11.245000000000001,17.244999999999997
female,17.244999999999997,32.245000000000005
male,32.245000000000005,41.245000000000005
female,41.245000000000005,53.245000000000005
male,53.245000000000005,54.745000000000005
female,54.745000000000005,56.245000000000005
male,56.245000000000005,61.312
