label,start,stop
male,0.0,8.245000000000001
female,8.245000000000001,10.0
male,10.0,15.614999999999998
female,15.614999999999998,18.615000000000002
male,18.615000000000002,25.51
female,25.51,32.6
male,32.6,34.36
female,34.36,39.605000000000004
male,39.605000000000004,41.105000000000004
female,41.105000000000004,44.105000000000004
male,44.105000000000004,53.105000000000004
female,53.105000000000004,60.501
