label,start,stop
male,0.0,16.744999999999997
female,16.744999999999997,18.244999999999997
male,18.244999999999997,41.235
female,41.235,42.735
male,42.735,58.025000000000006
female,58.025000000000006,60.629
