label,start,stop
male,0.0,24.134999999999998
female,24.134999999999998,25.634999999999998
male,25.634999999999998,31.59
female,31.59,39.29
male,39.29,40.0
female,40.0,59.64
male,59.64,60.864
