label,start,stop
male,0.0,6.48
female,6.48,13.415
male,13.415,40.385000000000005
female,40.385000000000005,43.385000000000005
male,43.385000000000005,46.385000000000005
female,46.385000000000005,49.54
male,49.54,54.705
female,54.705,57.705
male,57.705,61.333
