label,start,stop
male,0.0,7.91
female,7.91,13.155000000000001
male,13.155000000000001,35.305
female,35.305,38.305
male,38.305,55.144999999999996
female,55.144999999999996,58.144999999999996
male,58.144999999999996,60.459
