label,start,stop
female,0.0,8.01
male,8.01,12.52
female,12.52,14.765
male,14.765,19.265
female,19.265,20.765
male,20.765,42.245000000000005
female,42.245000000000005,47.2
male,47.2,60.373
