label,start,stop
male,0.0,30.0
female,30.0,33.745000000000005
male,33.745000000000005,48.4
female,48.4,61.099
