label,start,stop
female,0.0,8.245000000000001
male,8.245000000000001,50.0
female,50.0,52.66
male,52.66,61.269
