label,start,stop
female,0.0,8.245000000000001
male,8.245000000000001,60.608
