label,start,stop
male,0.0,23.744999999999997
female,23.744999999999997,25.244999999999997
male,25.244999999999997,46.245000000000005
female,46.245000000000005,52.245000000000005
male,52.245000000000005,53.745000000000005
female,53.745000000000005,55.245000000000005
male,55.245000000000005,61.611
