label,start,stop
male,0.0,3.745
female,3.745,8.245000000000001
male,8.245000000000001,10.0
female,10.0,11.82
male,11.82,15.17
female,15.17,20.415
male,20.415,24.915
female,24.915,27.915
male,27.915,61.781
