label,start,stop
male,0.0,5.245
female,5.245,9.745000000000001
male,9.745000000000001,21.744999999999997
female,21.744999999999997,23.244999999999997
male,23.244999999999997,43.995000000000005
female,43.995000000000005,56.66
male,56.66,60.629
