label,start,stop
male,0.0,14.245000000000001
female,14.245000000000001,15.31
male,15.31,61.376
