label,start,stop
male,0.0,2.245
female,2.245,24.744999999999997
male,24.744999999999997,30.0
female,30.0,39.745000000000005
male,39.745000000000005,41.245000000000005
female,41.245000000000005,61.973
