label,start,stop
male,0.0,21.744999999999997
female,21.744999999999997,24.744999999999997
male,24.744999999999997,26.244999999999997
female,26.244999999999997,39.455
male,39.455,51.455
female,51.455,55.955
male,55.955,60.455
female,60.455,61.909
